product_id,category,gender,product_url,product_name,brand,price,original_price,discount_percent,rating,reviews,price_tier,image_url,image_path,source_platform
702235053_pink,Shoes,Women,/red-tape-women-low-top-lace-up-sneakers/p/702235053_pink?,Women Low-Top Lace-Up Sneakers,RED TAPE,868.0,,(86% off),0,0,affordable,https://assets-jiocdn.ajio.com/medias/sys_master/root1/20250910/l42y/68c1b4983d468c61abe2e061/red_tape_pink_women_low-top_lace-up_sneakers.jpg,images\Shoes\Women\women-lowtop-laceup-sneakers-red-tape.jpg,Ajio
700584974_white,Shoes,Women,/red-tape-women-colourblock-lace-up-sneakers/p/700584974_white?,Women Colourblock Lace-Up Sneakers,RED TAPE,994.0,,(86% off),0,0,affordable,https://assets-jiocdn.ajio.com/medias/sys_master/root/20241015/Fb9H/670e81ac260f9c41e879c09f/red_tape_white_women_colourblock_lace-up_sneakers.jpg,images\Shoes\Women\women-colourblock-laceup-sneakers-red-tape.jpg,Ajio
701080670_beige,Shoes,Women,/max-women-moulded-wash--wear-sneakers/p/701080670_beige?,Women Moulded Wash & Wear Sneakers,MAX,349.0,,(13% off),0,0,affordable,https://assets-jiocdn.ajio.com/medias/sys_master/root/20250121/BvFS/678f63a0663dbe1c5fe9e8b0/max_beige_women_moulded_wash_%26_wear_sneakers.jpg,images\Shoes\Women\women-moulded-wash-wear-sneakers-max.jpg,Ajio
700404431_purple,Shoes,Women,/red-tape-women-colourblock-sneakers-with-lace-fastening-/p/700404431_purple?,Women Colourblock Sneakers with Lace Fastening,RED TAPE,990.0,,(82% off),0,0,affordable,https://assets-jiocdn.ajio.com/medias/sys_master/root/20241121/Vzi7/673eb936c148fa1b30d9535d/red_tape_purple_women_colourblock_sneakers_with_lace_fastening.jpg,images\Shoes\Women\women-colourblock-sneakers-with-lace-fastening-red-tape.jpg,Ajio
469765364_pink,Shoes,Women,/puma-karmen-ii-idol-satin-princess-lace-up-sneakers/p/469765364_pink?,Karmen II Idol Satin Princess Lace-Up Sneakers,Puma,3010.0,,(57% off),0,0,mid,https://assets-jiocdn.ajio.com/medias/sys_master/root1/20250903/l5yZ/68b7df768bfb9009acd0f4f4/puma_white_karmen_ii_idol_satin_princess_lace-up_sneakers.jpg,images\Shoes\Women\karmen-ii-idol-satin-princess-laceup-sneakers-puma.jpg,Ajio
702146626_white,Shoes,Women,/lotto-women-colourblock-low-top-lace-up-sneakers/p/702146626_white?,Women Colourblock Low-Top Lace-Up Sneakers,LOTTO,1665.0,,(63% off),0,0,affordable,https://assets-jiocdn.ajio.com/medias/sys_master/root1/20250825/Rx4u/68ac4a7d3d468c61ab936fa1/lotto_white_women_colourblock_low-top_lace-up_sneakers.jpg,images\Shoes\Women\women-colourblock-lowtop-laceup-sneakers-lotto.jpg,Ajio
700103403_white,Shoes,Women,/shoetopia-women-lace-up-sneakers/p/700103403_white?,Women Lace Up Sneakers,Shoetopia,684.0,,(66% off),0,0,affordable,,,Ajio
700095631_black,Shoes,Women,/red-tape-women-round-toe-lace-up-sneakers/p/700095631_black?,Women Round-Toe Lace-Up Sneakers,RED TAPE,990.0,,(82% off),0,0,affordable,,,Ajio
702093171_blue,Shoes,Women,/lotto-women-logo-print-lace-up-sneakers/p/702093171_blue?,Women Logo Print Lace-Up Sneakers,LOTTO,1480.0,,(63% off),0,0,affordable,,,Ajio
469765350_pink,Shoes,Women,/puma-park-luna-satin-princess-lace-up-sneakers/p/469765350_pink?,Park Luna Satin Princess Lace-Up Sneakers,Puma,2795.0,,(57% off),0,0,affordable,,,Ajio
467254781_black,Shoes,Women,/red-tape-women-low-top-slip-on-sneakers/p/467254781_black?,Women Low-Top Slip-On Sneakers,RED TAPE,954.0,,(82% off),0,0,affordable,,,Ajio
702093180_pink,Shoes,Women,/lotto-women-logo-print-lace-up-sneakers/p/702093180_pink?,Women Logo Print Lace-Up Sneakers,LOTTO,1480.0,,(63% off),0,0,affordable,,,Ajio
700327058_multi,Shoes,Women,/red-tape-women-mid-top-lace-up-sneakers/p/700327058_multi?,Women Mid-Top Lace-Up Sneakers,RED TAPE,990.0,,(82% off),0,0,affordable,,,Ajio
466638540_white,Shoes,Women,/red-tape-round-toe-sneakers-with-lace-fastening/p/466638540_white?,Round-Toe Sneakers with Lace-Fastening,RED TAPE,882.0,,(82% off),0,0,affordable,,,Ajio
701956288_white,Shoes,Women,/lotto-women-hoop-star-urbano-sneakers/p/701956288_white?,Women Hoop Star Urbano Sneakers,LOTTO,3299.0,,(45% off),0,0,mid,,,Ajio
701749198_blue,Shoes,Women,/u-s-polo-assn-women-colour-block-sneakers-with-lace-fastening/p/701749198_blue?,Women Colour-Block Sneakers with Lace Fastening,U.S. Polo Assn.,2621.0,,(43% off),0,0,affordable,,,Ajio
469420613_sand,Shoes,Women,/skechers-women-uno-stand-on-air-low-top-sneakers/p/469420613_sand?,Women UNO-Stand On Air Low-Top Sneakers,Skechers,3150.0,,(55% off),0,0,mid,,,Ajio
701956291_white,Shoes,Women,/lotto-women-hoop-star-urbano-sneakers/p/701956291_white?,Women Hoop Star Urbano Sneakers,LOTTO,3299.0,,(45% off),0,0,mid,,,Ajio
700700139_green,Shoes,Women,/red-tape-women-sneakers-shoes/p/700700139_green?,Women Sneakers Shoes,RED TAPE,945.0,,(85% off),0,0,affordable,,,Ajio
700700117_blue,Shoes,Women,/red-tape-women-sneakers-shoes/p/700700117_blue?,Women Sneakers Shoes,RED TAPE,945.0,,(85% off),0,0,affordable,,,Ajio
701793994_black,Shoes,Women,/lotto-women-autograph-nxt-sneakers/p/701793994_black?,Women Autograph NXT Sneakers,LOTTO,2250.0,,(55% off),0,0,affordable,,,Ajio
700273852_grey,Shoes,Women,/red-tape-women-low-tops-lace-up-sneakers/p/700273852_grey?,Women Low-Tops Lace-Up Sneakers,RED TAPE,990.0,,(82% off),0,0,affordable,,,Ajio
702036285_white,Shoes,Women,/red-tape-women-lace-up-flat-sneakers/p/702036285_white?,Women Lace-Up Flat Sneakers,RED TAPE,885.0,,(85% off),0,0,affordable,,,Ajio
701793938_red,Shoes,Women,/lotto-women-brasil-select-og-leather-sneakers/p/701793938_red?,Women Brasil Select OG Leather Sneakers,LOTTO,4749.0,,(5% off),0,0,mid,,,Ajio
700702795_grey,Shoes,Women,/red-tape-women-colour-block-sneakers/p/700702795_grey?,Women Colour-block Sneakers,RED TAPE,960.0,,(85% off),0,0,affordable,,,Ajio
700734922_beige,Shoes,Women,/red-tape-women-panelled-lace-up-sneakers/p/700734922_beige?,Women Panelled Lace-Up Sneakers,RED TAPE,1794.0,,(74% off),0,0,affordable,,,Ajio
701793947_pink,Shoes,Women,/lotto-women-autograph-nxt-sneakers/p/701793947_pink?,Women Autograph NXT Sneakers,LOTTO,2250.0,,(55% off),0,0,affordable,,,Ajio
469038217_white,Shoes,Women,/nike-women-court-royal-2-nn-lace-up-sneakers/p/469038217_white?,Women Court Royal 2 NN Lace-Up Sneakers,NIKE,1958.0,,(51% off),0,0,affordable,,,Ajio
451028253_nude,Shoes,Women,/u-s-polo-assn-women-low-top-lace-up-sneakers/p/451028253_nude?,Women Low-Top Lace-Up Sneakers,U.S. Polo Assn.,2621.0,,(43% off),0,0,affordable,,,Ajio
701793917_blue,Shoes,Women,/lotto-women-brasil-select-og-leather-sneakers/p/701793917_blue?,Women Brasil Select OG Leather Sneakers,LOTTO,4749.0,,(5% off),0,0,mid,,,Ajio
702080027_beige,Shoes,Women,/red-tape-women-colourblock-lace-up-sneakers/p/702080027_beige?,Women Colourblock Lace-Up Sneakers,RED TAPE,1638.0,,(74% off),0,0,affordable,,,Ajio
469097250_white,Shoes,Women,/nike-women-court-vision-low-top-lace-up-shoes/p/469097250_white?,Women Court Vision Low-Top Lace-Up Shoes,NIKE,4995.0,,,0,0,mid,,,Ajio
701138758_green,Shoes,Women,/london-rag-women-lace-up-sneakers/p/701138758_green?,Women Lace-Up Sneakers,LONDON RAG,2859.0,,(35% off),0,0,affordable,,,Ajio
700734920_blue,Shoes,Women,/red-tape-women-panelled-lace-up-sneakers/p/700734920_blue?,Women Panelled Lace-Up Sneakers,RED TAPE,966.0,,(86% off),0,0,affordable,,,Ajio
700482885_white,Shoes,Women,/puma-carina-2-0-women-sneakers/p/700482885_white?,Carina 2.0 Women Sneakers,Puma,2150.0,,(57% off),0,0,affordable,,,Ajio
466845618_white,Shoes,Women,/london-rag-women-knitted-lace-up-sneakers/p/466845618_white?,Women Knitted Lace-Up Sneakers,LONDON RAG,1478.0,,(49% off),0,0,affordable,,,Ajio
469759176_white,Shoes,Women,/adidas-streettalk-low-top-lace-up-sneakers/p/469759176_white?,Streettalk Low-Top Lace-Up Sneakers,ADIDAS,3959.0,,(40% off),0,0,mid,,,Ajio
466760884_white,Shoes,Women,/puma-whizzlite-wns-lace-up-casual-shoes-/p/466760884_white?,Whizzlite Wns Lace-Up Casual Shoes,Puma,2205.0,,(51% off),0,0,affordable,,,Ajio
701564792_offwhite,Shoes,Women,/off-limits-women-lace-up-sneakers/p/701564792_offwhite?,Women Lace-Up Sneakers,OFF LIMITS,1920.0,,(76% off),0,0,affordable,,,Ajio
467046298_offwhite,Shoes,Women,/bata-women-colourblock-lace-up-sneakers/p/467046298_offwhite?,Women Colourblock Lace-Up Sneakers,Bata,369.0,,(59% off),0,0,affordable,,,Ajio
410338381_blk,Shoes,Women,/steve-madden-possess-lace-up-sneakers/p/410338381_blk?,Possess Lace-Up Sneakers,STEVE MADDEN,16999.0,,,0,0,expensive,,,Ajio
701564792_black,Shoes,Women,/off-limits-women-lace-up-sneakers-mid-tops/p/701564792_black?,Women Lace-Up Sneakers Mid Tops,OFF LIMITS,1920.0,,(76% off),0,0,affordable,,,Ajio
701538523_beige,Shoes,Women,/max-women-flat-sneakers/p/701538523_beige?,Women Flat Sneakers,MAX,1156.0,,(11% off),0,0,affordable,,,Ajio
700700124_black,Shoes,Women,/red-tape-women-sneakers-shoes/p/700700124_black?,Women Sneakers Shoes,RED TAPE,990.0,,(82% off),0,0,affordable,,,Ajio
700272569_black,Shoes,Women,/knoos-women-colourblock-lace-up-sneakers/p/700272569_black?,Women Colourblock Lace-Up Sneakers,KNOOS,760.0,,(81% off),0,0,affordable,,,Ajio
469652879_grey,Shoes,Women,/puma-lajla-clean-sep-lace-up-shoes/p/469652879_grey?,Lajla Clean Sep Lace-Up Shoes,Puma,3690.0,,(59% off),0,0,mid,,,Ajio
469643187_grey,Shoes,Women,/adidas-originals-ozmillen-lace-up-shoes/p/469643187_grey?,Ozmillen Lace-Up Shoes,Adidas Originals,6379.0,,(42% off),0,0,mid,,,Ajio
700399183_grey,Shoes,Women,/yoho-women-low-top-sneakers-with-lace-fastening/p/700399183_grey?,Women Low-Top Sneakers with Lace Fastening,YOHO,1289.0,,(57% off),0,0,affordable,,,Ajio
469534522_blue,Shoes,Women,/puma-unisex-future-rider-play-on-sneakers/p/469534522_blue?,Unisex Future Rider Play On Sneakers,Puma,4500.0,,(50% off),0,0,mid,,,Ajio
467254789_white,Shoes,Women,/red-tape-women-low-top-slip-on-sneakers/p/467254789_white?,Women Low-Top Slip-On Sneakers,RED TAPE,954.0,,(82% off),0,0,affordable,,,Ajio
701138758_green,Shoes,Women,/london-rag-women-lace-up-sneakers/p/701138758_green?,Women Lace-Up Sneakers,LONDON RAG,2859.0,,(35% off),0,0,affordable,,,Ajio
700740126_beige,Shoes,Women,/red-tape-women-panelled-lace-up-sneakers/p/700740126_beige?,Women Panelled Lace-Up Sneakers,RED TAPE,1846.0,,(74% off),0,0,affordable,,,Ajio
702062167_white,Shoes,Women,/max-women-colourblock-lace-up-sneakers/p/702062167_white?,Women Colourblock Lace-Up Sneakers,MAX,978.0,,(11% off),0,0,affordable,,,Ajio
700272569_black,Shoes,Women,/knoos-women-colourblock-lace-up-sneakers/p/700272569_black?,Women Colourblock Lace-Up Sneakers,KNOOS,760.0,,(81% off),0,0,affordable,,,Ajio
701504153_grey,Shoes,Women,/max-women-colorblock-sneakers/p/701504153_grey?,Women Colorblock Sneakers,MAX,868.0,,(21% off),0,0,affordable,,,Ajio
701504153_pink,Shoes,Women,/max-women-lace-up-sneakers/p/701504153_pink?,Women Lace-Up Sneakers,MAX,868.0,,(21% off),0,0,affordable,,,Ajio
701793917_blue,Shoes,Women,/lotto-women-brasil-select-og-leather-sneakers/p/701793917_blue?,Women Brasil Select OG Leather Sneakers,LOTTO,4749.0,,(5% off),0,0,mid,,,Ajio
469699729_white,Shoes,Women,/adidas-barreda-decode-lace-up-sneakers/p/469699729_white?,Barreda Decode Lace-Up Sneakers,ADIDAS,5417.0,,(37% off),0,0,mid,,,Ajio
469581656_white,Shoes,Women,/puma-women-low-top-lace-up-sneakers/p/469581656_white?,Women Low-Top Lace-Up Sneakers,Puma,2250.0,,(50% off),0,0,affordable,,,Ajio
700272601_brown,Shoes,Women,/knoos-women-colourblock-lace-up-sneakers/p/700272601_brown?,Women Colourblock Lace-Up Sneakers,KNOOS,700.0,,(80% off),0,0,affordable,,,Ajio
702080023_beige,Shoes,Women,/red-tape-women-colourblock-lace-up-sneakers/p/702080023_beige?,Women Colourblock Lace-Up Sneakers,RED TAPE,1638.0,,(74% off),0,0,affordable,,,Ajio
469652662_black,Shoes,Women,/puma-women-technner-lace-up-sneakers/p/469652662_black?,Women Technner Lace-Up Sneakers,Puma,1395.0,,(69% off),0,0,affordable,,,Ajio
701314471_black,Shoes,Women,/yoho-women-lace-up-sneakers-with-low-tops-ankle/p/701314471_black?,Women Lace-Up Sneakers with Low-Tops Ankle,YOHO,1767.0,,(48% off),0,0,affordable,,,Ajio
467268812_black,Shoes,Women,/converse-women-chuck-taylor-all-star-platform-canvas-high-top-sneakers/p/467268812_black?,Women Chuck Taylor All Star Platform Canvas High Top Sneakers,CONVERSE,4399.0,,(20% off),0,0,mid,,,Ajio
700327054_grey,Shoes,Women,/red-tape-women-mid-top-lace-up-sneakers/p/700327054_grey?,Women Mid-Top Lace-Up Sneakers,RED TAPE,990.0,,(82% off),0,0,affordable,,,Ajio
700507405_blue,Shoes,Women,/yoho-women-round-toe-lace-up-sneakers/p/700507405_blue?,Women Round-Toe Lace-Up Sneakers,YOHO,1289.0,,(57% off),0,0,affordable,,,Ajio
410338381_kha,Shoes,Women,/steve-madden-possess-lace-up-sneakers/p/410338381_kha?,Possess Lace-Up Sneakers,STEVE MADDEN,10199.0,,(40% off),0,0,expensive,,,Ajio
469534477_grey,Shoes,Women,/puma-unisex-blktop-rider-sneakers/p/469534477_grey?,Unisex Blktop Rider Sneakers,Puma,5399.0,,(40% off),0,0,mid,,,Ajio
466845618_white,Shoes,Women,/london-rag-women-knitted-lace-up-sneakers/p/466845618_white?,Women Knitted Lace-Up Sneakers,LONDON RAG,1478.0,,(49% off),0,0,affordable,,,Ajio
702239338_brown,Shoes,Women,/puma-women-mayra-sneakers/p/702239338_brown?,Women Mayra Sneakers,Puma,5199.0,,(35% off),0,0,mid,,,Ajio
701849069_white,Shoes,Women,/converse-women-chuck-taylor-all-star-roses-high-top-sneakers/p/701849069_white?,Women Chuck Taylor All Star Roses High Top Sneakers,CONVERSE,5499.0,,,0,0,mid,,,Ajio
702093171_blue,Shoes,Women,/lotto-women-logo-print-lace-up-sneakers/p/702093171_blue?,Women Logo Print Lace-Up Sneakers,LOTTO,1480.0,,(63% off),0,0,affordable,,,Ajio
700740124_blue,Shoes,Women,/red-tape-women-panelled-lace-up-sneakers/p/700740124_blue?,Women Panelled Lace-Up Sneakers,RED TAPE,945.0,,(85% off),0,0,affordable,,,Ajio
451027900_offwhite,Shoes,Women,/u-s-polo-assn-women-low-top-lace-up-sneakers/p/451027900_offwhite?,Women Low-Top Lace-Up Sneakers,U.S. Polo Assn.,2579.0,,(40% off),0,0,affordable,,,Ajio
700272565_purple,Shoes,Women,/knoos-women-colourblock-lace-up-sneakers/p/700272565_purple?,Women Colourblock Lace-Up Sneakers,KNOOS,700.0,,(80% off),0,0,affordable,,,Ajio
700308069_brown,Shoes,Women,/lacoste-round-toe-sneakers-with-lace-fastening-/p/700308069_brown?,Round-Toe Sneakers with Lace Fastening,LACOSTE,5400.0,,(50% off),0,0,mid,,,Ajio
460886179_white,Shoes,Women,/nike-blazer-low-77-shoes/p/460886179_white?,Blazer Low 77 Shoes,NIKE,4389.0,,(39% off),0,0,mid,,,Ajio
701315101_blue,Shoes,Women,/yoho-women-lace-up-sneakers/p/701315101_blue?,Women Lace-Up Sneakers,YOHO,1767.0,,(48% off),0,0,affordable,,,Ajio
701672633_peach,Shoes,Women,/trase-women-colour-block-lace-up-sneakers/p/701672633_peach?,Women Colour-Block Lace-Up Sneakers,Trase,1025.0,,(59% off),0,0,affordable,,,Ajio
469534035_black,Shoes,Women,/puma-bmw-m-motorsport-ionicspeed-sneakers/p/469534035_black?,BMW M Motorsport Ionicspeed Sneakers,Puma,2500.0,,(75% off),0,0,affordable,,,Ajio
702093180_pink,Shoes,Women,/lotto-women-logo-print-lace-up-sneakers/p/702093180_pink?,Women Logo Print Lace-Up Sneakers,LOTTO,1480.0,,(63% off),0,0,affordable,,,Ajio
469652706_black,Shoes,Women,/puma-women-morphic-metallic-lace-up-casual-shoes/p/469652706_black?,Women Morphic Metallic Lace-Up Casual Shoes,Puma,3510.0,,(61% off),0,0,mid,,,Ajio
701629105_black,Shoes,Women,/converse-women-chuck-taylor-all-star-move-platform-foundational-leather-high-top-sneakers/p/701629105_black?,Women Chuck Taylor All Star Move Platform Foundational Leather High Top Sneakers,CONVERSE,3849.0,,(30% off),0,0,mid,,,Ajio
700272669_white,Shoes,Women,/knoos-women-typographic-print-slip-on-sneakers/p/700272669_white?,Women Typographic Print Slip-On Sneakers,KNOOS,700.0,,(80% off),0,0,affordable,,,Ajio
701971550_white,Shoes,Women,/red-tape-women-round-toe-sneakers-with-lace-fastening-/p/701971550_white?,Women Round-Toe Sneakers with Lace Fastening,RED TAPE,1860.0,,(70% off),0,0,affordable,,,Ajio
701720852_beige,Shoes,Women,/max-women-panelled-sneakers/p/701720852_beige?,Women Panelled Sneakers,MAX,896.0,,(31% off),0,0,affordable,,,Ajio
700272633_white,Shoes,Women,/knoos-women-round-toe-lace-up-sneakers/p/700272633_white?,Women Round-Toe Lace-Up Sneakers,KNOOS,760.0,,(81% off),0,0,affordable,,,Ajio
701319535_offwhite,Shoes,Women,/asian-women-regular-fit-lace-up-sneakers/p/701319535_offwhite?,Women Regular Fit Lace-Up Sneakers,ASIAN,520.0,,(60% off),0,0,affordable,,,Ajio
467094881_white,Shoes,Women,/max-sneakers/p/467094881_white?,Sneakers,MAX,349.0,,(13% off),0,0,affordable,,,Ajio
701499929_white,Shoes,Women,/campus-women-round-toe-lace-up-sneakers-/p/701499929_white?,Women Round-Toe Lace-Up Sneakers,Campus,1008.0,,(64% off),0,0,affordable,,,Ajio
469574260_black,Shoes,Women,/crocs-men-baya-sling-back-clogs/p/469574260_black?,Men Baya Sling-Back Clogs,CROCS,1843.0,,(59% off),0,0,affordable,https://assets-jiocdn.ajio.com/medias/sys_master/root/20231225/HFXp/65897b69afa4cf41f5e6e8d3/crocs_black_men_baya_sling-back_clogs.jpg,,Ajio
469505229_green,Shoes,Women,/crocs-men-bayaband-clogs/p/469505229_green?,Men Bayaband Clogs,CROCS,2253.0,,(59% off),0,0,affordable,https://assets-jiocdn.ajio.com/medias/sys_master/root/20231010/7rVp/65256f10ddf779151931606c/crocs_green_men_bayaband_clogs.jpg,,Ajio
700781511_grey,Shoes,Women,/shezone-women-flat-sandals-with-synthetic-upper/p/700781511_grey?,Women Flat Sandals with Synthetic Upper,SHEZONE,480.0,,(76% off),0,0,affordable,https://assets-jiocdn.ajio.com/medias/sys_master/root/20241122/aTEv/67401c970f47f80c879f495e/shezone_grey_women_flat_sandals_with_synthetic_upper.jpg,,Ajio
700194238_cream,Shoes,Women,/max-women-open-toe-slip-on-flat-sandals/p/700194238_cream?,Women Open-Toe Slip-On Flat Sandals,MAX,809.0,,(10% off),0,0,affordable,https://assets-jiocdn.ajio.com/medias/sys_master/root/20240715/UWhK/669511696f60443f313c1678/max_cream_women_open-toe_slip-on_flat_sandals.jpg,,Ajio
469606708_navy,Shoes,Women,/crocs-men-baya-croslite-clogs/p/469606708_navy?,Men Baya Croslite Clogs,CROCS,1843.0,,(59% off),0,0,affordable,https://assets-jiocdn.ajio.com/medias/sys_master/root/20240227/fJ1n/65de18f405ac7d77bb806ffd/crocs_navy_blue_men_baya_croslite_clogs.jpg,,Ajio
701486651_grey,Shoes,Women,/big-fox-women-flat-sandals-with-synthetic-upper/p/701486651_grey?,Women Flat Sandals with Synthetic Upper,BIG FOX,823.0,,(67% off),0,0,affordable,https://assets-jiocdn.ajio.com/medias/sys_master/root/20250422/l6Vu/68079f7255340d4b4ff058cb/big_fox_grey_women_flat_sandals_with_synthetic_upper.jpg,,Ajio
466317875_pink,Shoes,Women,/shezone-open-toe-chunky-heels-sandals/p/466317875_pink?,Open-Toe Chunky Heels Sandals,SHEZONE,680.0,,(66% off),0,0,affordable,,,Ajio
700567767_cream,Shoes,Women,/max-flat-sandals-with-pu-upper/p/700567767_cream?,Flat Sandals With PU Upper,MAX,449.0,,(10% off),0,0,affordable,,,Ajio
701486651_black,Shoes,Women,/big-fox-women-flat-sandals-with-synthetic-upper/p/701486651_black?,Women Flat Sandals with Synthetic Upper,BIG FOX,823.0,,(67% off),0,0,affordable,,,Ajio
469610858_white,Shoes,Women,/crocs-women-kadee-ii-sandals/p/469610858_white?,Women Kadee II Sandals,CROCS,1228.0,,(59% off),0,0,affordable,,,Ajio
702247104_pink,Shoes,Women,/max-women-dual-strap-flats-with-buckles/p/702247104_pink?,Women Dual Strap Flats with Buckles,MAX,399.0,,,0,0,affordable,,,Ajio
701486646_beige,Shoes,Women,/big-fox-women-flat-sandals-with-synthetic-upper/p/701486646_beige?,Women Flat Sandals with Synthetic Upper,BIG FOX,948.0,,(62% off),0,0,affordable,,,Ajio
700567767_blue,Shoes,Women,/max-flat-sandals-with-pu-upper/p/700567767_blue?,Flat Sandals With PU Upper,MAX,449.0,,(10% off),0,0,affordable,,,Ajio
701648758_copper,Shoes,Women,/jodyhub-women-toe-ring-sandals-with-faux-leather-upper/p/701648758_copper?,Women Toe-Ring Sandals with Faux Leather Upper,JODYHUB,900.0,,(55% off),0,0,affordable,,,Ajio
701486637_beige,Shoes,Women,/big-fox-women-flat-sandals-with-synthetic-upper/p/701486637_beige?,Women Flat Sandals with Synthetic Upper,BIG FOX,749.0,,(70% off),0,0,affordable,,,Ajio
701712363_pink,Shoes,Women,/shezone-women-embellished-kitten-heeled-sandals/p/701712363_pink?,Women Embellished Kitten Heeled Sandals,SHEZONE,840.0,,(58% off),0,0,affordable,,,Ajio
467314731_blue,Shoes,Women,/bata-women-open-toe-slip-on-platforms-/p/467314731_blue?,Women Open-Toe Slip-On Platforms,Bata,585.0,,(55% off),0,0,affordable,,,Ajio
701639458_grey,Shoes,Women,/liberty-women-a-ha-lb46-01e-heeled-sandals/p/701639458_grey?,Women A-HA LB46-01E Heeled Sandals,LIBERTY,396.0,,(67% off),0,0,affordable,,,Ajio
701172198_pink,Shoes,Women,/shezone-women-heeled-sandals-with-synthetic-upper/p/701172198_pink?,Women Heeled Sandals With Synthetic Upper,SHEZONE,780.0,,(61% off),0,0,affordable,,,Ajio
466650841_brown,Shoes,Women,/max-woven-strap-slip-on-flat-sandals/p/466650841_brown?,Woven Strap Slip-On Flat Sandals,MAX,499.0,,(17% off),0,0,affordable,,,Ajio
701639458_silver,Shoes,Women,/liberty-women-a-ha-lb46-01e-heeled-sandals/p/701639458_silver?,Women A-HA LB46-01E Heeled Sandals,LIBERTY,396.0,,(67% off),0,0,affordable,,,Ajio
702001455_grey,Shoes,Women,/fyre-rose-women-quilted-thong-strap-platforms/p/702001455_grey?,Women Quilted Thong-Strap Platforms,Fyre Rose,342.0,,(82% off),0,0,affordable,,,Ajio
700783281_beige,Shoes,Women,/shezone-women-open-toe-slip-on-wedges-with-buckle-accent/p/700783281_beige?,Women Open-Toe Slip-On Wedges with Buckle Accent,SHEZONE,680.0,,(66% off),0,0,affordable,,,Ajio
701639458_yellow,Shoes,Women,/liberty-women-a-ha-lb46-01e-heeled-sandals/p/701639458_yellow?,Women A-HA LB46-01E Heeled Sandals,LIBERTY,396.0,,(67% off),0,0,affordable,,,Ajio
450160436_beige,Shoes,Women,/catwalk-women-criss-cross-strap-chunky-heeled-sandals/p/450160436_beige?,Women Criss-Cross Strap Chunky-Heeled Sandals,CATWALK,719.0,,(70% off),0,0,affordable,,,Ajio
701163095_gold,Shoes,Women,/jm-looks-women-heeled-sandals-with-synthetic-upper/p/701163095_gold?,Women Heeled Sandals With Synthetic Upper,JM LOOKS,629.0,,(79% off),0,0,affordable,,,Ajio
466283775_multi,Shoes,Women,/bata-floral-thong-strap-platform-sandals/p/466283775_multi?,Floral Thong-Strap Platform Sandals,Bata,475.0,,(32% off),0,0,affordable,,,Ajio
701245633_copper,Shoes,Women,/selfiee-women-flat-sandals-/p/701245633_copper?,Women Flat Sandals,Selfiee,726.0,,(67% off),0,0,affordable,,,Ajio
469606516_navy,Shoes,Women,/crocs-women-kadee-ii-gra-sandals/p/469606516_navy?,Women Kadee II Gra Sandals,CROCS,3495.0,,,0,0,mid,,,Ajio
700882907_grey,Shoes,Women,/bata-women-round-toe-slip-on-sandals-/p/700882907_grey?,Women Round-Toe Slip-on Sandals,Bata,1036.0,,(39% off),0,0,affordable,,,Ajio
702038141_beige,Shoes,Women,/max-women-crochet-knit-flats/p/702038141_beige?,Women Crochet Knit Flats,MAX,749.0,,(6% off),0,0,affordable,,,Ajio
700420988_white,Shoes,Women,/ishransh-women-slip-on-sandals-with-pu-upper/p/700420988_white?,Women Slip-on Sandals with PU upper,ISHRANSH,375.0,,(85% off),0,0,affordable,,,Ajio
467033050_beige,Shoes,Women,/bata-women-embellished-thong-strap-sandals/p/467033050_beige?,Women Embellished Thong-Strap Sandals,Bata,598.0,,(54% off),0,0,affordable,,,Ajio
700973640_beige,Shoes,Women,/bata-women-heeled-sandals-with-pu-upper/p/700973640_beige?,Women Heeled Sandals with PU upper,Bata,533.0,,(59% off),0,0,affordable,,,Ajio
701237559_pink,Shoes,Women,/crocs-women-flat-sandals-with-eva-upper/p/701237559_pink?,Women Flat Sandals with EVA Upper,CROCS,2597.0,,(35% off),0,0,affordable,,,Ajio
467349953_pink,Shoes,Women,/bata-women-embroidered-regular-fit-slip-on-sandals-with-flat-heels/p/467349953_pink?,Women Embroidered Regular Fit Slip-On Sandals with Flat Heels,Bata,631.0,,(21% off),0,0,affordable,,,Ajio
465631034_silver,Shoes,Women,/max-slip-on-flat-sandals/p/465631034_silver?,Slip-On Flat Sandals,MAX,449.0,,(18% off),0,0,affordable,,,Ajio
701606384_multi,Shoes,Women,/crocs-women-getaway-slip-on-sandals-with-eva-upper/p/701606384_multi?,Women Getaway Slip-on Sandals with EVA Upper,CROCS,5495.0,,,0,0,mid,,,Ajio
467047727_black,Shoes,Women,/bata-women-nyra-e-toe-ring-flat-sandals/p/467047727_black?,Women Nyra E Toe-Ring Flat Sandals,Bata,307.0,,(59% off),0,0,affordable,,,Ajio
469588461_slate,Shoes,Women,/skechers-women-ultra-flex-t-strap-sandals/p/469588461_slate?,Women Ultra Flex T-Strap Sandals,Skechers,1710.0,,(55% off),0,0,affordable,,,Ajio
450160554_bronze,Shoes,Women,/catwalk-women-embellished-slip-on-wedges/p/450160554_bronze?,Women Embellished Slip-On Wedges,CATWALK,666.0,,(70% off),0,0,affordable,,,Ajio
467346681_black,Shoes,Women,/bata-women-slingback-open-toe-wedges-/p/467346681_black?,Women Slingback Open-Toe Wedges,Bata,844.0,,(35% off),0,0,affordable,,,Ajio
700961382_beige,Shoes,Women,/shoetopia-women-wedges-with-synthetic-upper-/p/700961382_beige?,Women Wedges with Synthetic Upper,Shoetopia,760.0,,(70% off),0,0,affordable,,,Ajio
701502711_black,Shoes,Women,/styli-women-open-toe-kitten-heeled-sandals/p/701502711_black?,Women Open-Toe Kitten Heeled Sandals,Styli,728.0,,(64% off),0,0,affordable,,,Ajio
466401546_red,Shoes,Women,/bata-thong-strap-slip-on-sandals-/p/466401546_red?,Thong-Strap Slip-On Sandals,Bata,743.0,,(38% off),0,0,affordable,,,Ajio
466318152_pink,Shoes,Women,/shezone-open-toe-sling-back-wedges/p/466318152_pink?,Open-Toe Sling Back Wedges,SHEZONE,480.0,,(76% off),0,0,affordable,,,Ajio
701494422_black,Shoes,Women,/max-women-slip-on-sandals-with-buckle-accent/p/701494422_black?,Women Slip-On Sandals with Buckle Accent,MAX,759.0,,(16% off),0,0,affordable,,,Ajio
467033050_beige,Shoes,Women,/bata-women-embellished-thong-strap-sandals/p/467033050_beige?,Women Embellished Thong-Strap Sandals,Bata,598.0,,(54% off),0,0,affordable,,,Ajio
458007055_nude,Shoes,Women,/brash-by-payless-women-stilettos-with-ankle-strap/p/458007055_nude?,Women Stilettos with Ankle Strap,BRASH by Payless,747.0,,(70% off),0,0,affordable,,,Ajio
701637904_brown,Shoes,Women,/indie-picks-women-slip-on-sandals-with-synthetic-upper/p/701637904_brown?,Women Slip-on Sandals With Synthetic Upper,Indie Picks,500.0,,(75% off),0,0,affordable,,,Ajio
700396747_pink,Shoes,Women,/bata-women-open-toe-slip-on-slides-/p/700396747_pink?,Women Open-Toe Slip-On Slides,Bata,413.0,,(31% off),0,0,affordable,,,Ajio
466981677_cream,Shoes,Women,/shoetopia-women-embroidered-chunky-heeled-sandals/p/466981677_cream?,Women Embroidered Chunky-Heeled Sandals,Shoetopia,684.0,,(66% off),0,0,affordable,,,Ajio
701669877_copper,Shoes,Women,/padchin-women-kitten-heeled-sandals/p/701669877_copper?,Women Kitten Heeled Sandals,Padchin,1150.0,,(54% off),0,0,affordable,,,Ajio
466283775_multi,Shoes,Women,/bata-floral-thong-strap-platform-sandals/p/466283775_multi?,Floral Thong-Strap Platform Sandals,Bata,475.0,,(32% off),0,0,affordable,,,Ajio
701453282_black,Shoes,Women,/jm-looks-women-slip-on-kitten-heeled-sandals-/p/701453282_black?,Women Slip-On Kitten Heeled Sandals,JM LOOKS,624.0,,(75% off),0,0,affordable,,,Ajio
700409863_black,Shoes,Women,/shezone-women-embellished-slip-on-wedges-/p/700409863_black?,Women Embellished Slip-On Wedges,SHEZONE,1020.0,,(66% off),0,0,affordable,,,Ajio
700902650_tan,Shoes,Women,/beeone-women-flat-sandals-/p/700902650_tan?,Women Flat Sandals,BEEONE,300.0,,(85% off),0,0,affordable,,,Ajio
410509288_14i,Shoes,Women,/steve-madden-rollout-stilettos-heeled-sandals/p/410509288_14i?,Rollout Stilettos Heeled Sandals,STEVE MADDEN,12999.0,,,0,0,expensive,,,Ajio
702001455_cream,Shoes,Women,/fyre-rose-women-quilted-thong-strap-platforms/p/702001455_cream?,Women Quilted Thong-Strap Platforms,Fyre Rose,342.0,,(82% off),0,0,affordable,,,Ajio
466822938_black,Shoes,Women,/selfiee-women-kitten-heeled-sandals-with-bow-accent/p/466822938_black?,Women Kitten Heeled Sandals with Bow Accent,Selfiee,720.0,,(64% off),0,0,affordable,,,Ajio
450160880_beige,Shoes,Women,/catwalk-women-brand-print-mules/p/450160880_beige?,Women Brand Print Mules,CATWALK,719.0,,(70% off),0,0,affordable,,,Ajio
467058712_brown,Shoes,Women,/styli-women-open-toe-slip-on-sandals/p/467058712_brown?,Women Open-Toe Slip-On Sandals,Styli,504.0,,(58% off),0,0,affordable,,,Ajio
701639458_grey,Shoes,Women,/liberty-women-a-ha-lb46-01e-heeled-sandals/p/701639458_grey?,Women A-HA LB46-01E Heeled Sandals,LIBERTY,396.0,,(67% off),0,0,affordable,,,Ajio
701769576_offwhite,Shoes,Women,/code-by-lifestyle-flat-sandals-with-pu-upper/p/701769576_offwhite?,Flat Sandals with PU Upper,CODE by lifestyle,886.0,,(11% off),0,0,affordable,,,Ajio
701846947_beige,Shoes,Women,/max-flat-sandals-with-pu-upper/p/701846947_beige?,Flat Sandals With PU Upper,MAX,749.0,,(6% off),0,0,affordable,,,Ajio
701486637_beige,Shoes,Women,/big-fox-women-flat-sandals-with-synthetic-upper/p/701486637_beige?,Women Flat Sandals with Synthetic Upper,BIG FOX,749.0,,(70% off),0,0,affordable,,,Ajio
469430329_beige,Shoes,Women,/crocs-unisex-classic-clog/p/469430329_beige?,Unisex Classic Clog,CROCS,3995.0,,,0,0,mid,,,Ajio
701546992_black,Shoes,Women,/jm-looks-women-open-toe-heeled-sandals/p/701546992_black?,Women Open-Toe Heeled Sandals,JM LOOKS,599.0,,(80% off),0,0,affordable,,,Ajio
701669622_black,Shoes,Women,/padchin-women-gladiators-with-zip-closure/p/701669622_black?,Women Gladiators with Zip Closure,Padchin,911.0,,(43% off),0,0,affordable,,,Ajio
701243399_brown,Shoes,Women,/crocs-women-baya-open-toe-slip-on-sandals/p/701243399_brown?,Women Baya Open-Toe Slip-On Sandals,CROCS,2677.0,,(33% off),0,0,affordable,,,Ajio
701802904_brown,Shoes,Women,/code-by-lifestyle-women-flat-sandals-with-pu-upper/p/701802904_brown?,Women Flat Sandals With PU Upper,CODE by lifestyle,896.0,,(10% off),0,0,affordable,,,Ajio
701486651_black,Shoes,Women,/big-fox-women-flat-sandals-with-synthetic-upper/p/701486651_black?,Women Flat Sandals with Synthetic Upper,BIG FOX,823.0,,(67% off),0,0,affordable,,,Ajio
410458717_06k,Shoes,Women,/steve-madden-shakedown-heeled-stilettos-sandals/p/410458717_06k?,Shakedown Heeled Stilettos Sandals,STEVE MADDEN,4500.0,,(55% off),0,0,mid,,,Ajio
701802904_black,Shoes,Women,/code-by-lifestyle-women-flat-sandals-with-pu-upper/p/701802904_black?,Women Flat Sandals With PU Upper,CODE by lifestyle,886.0,,(11% off),0,0,affordable,,,Ajio
701639458_yellow,Shoes,Women,/liberty-women-a-ha-lb46-01e-heeled-sandals/p/701639458_yellow?,Women A-HA LB46-01E Heeled Sandals,LIBERTY,396.0,,(67% off),0,0,affordable,,,Ajio
461482295_pink,Shoes,Women,/bata-t-strap-sandals-with-buckle-accent/p/461482295_pink?,T-strap Sandals with Buckle Accent,Bata,1064.0,,(29% off),0,0,affordable,,,Ajio
701081736_nude,Shoes,Women,/gnist-women-sling-back-kitten-heeled-sandals/p/701081736_nude?,Women Sling-Back Kitten-Heeled Sandals,GNIST,1589.0,,(47% off),0,0,affordable,,,Ajio
701263411_navy,Shoes,Women,/selfiee-women-sports-sandals-with-fabric-upper/p/701263411_navy?,Women Sports Sandals with Fabric upper,Selfiee,770.0,,(65% off),0,0,affordable,,,Ajio
451026527_orange,Shoes,Women,/crocs-women-getaway-patterned-toe-ring-sandals/p/451026527_orange?,Women Getaway Patterned Toe-Ring Sandals,CROCS,4995.0,,,0,0,mid,,,Ajio
700784052_tan,Shoes,Women,/shoetopia-women-open-toe-platforms-with-velcro-closure/p/700784052_tan?,Women Open-Toe Platforms with Velcro Closure,Shoetopia,684.0,,(66% off),0,0,affordable,,,Ajio
701054560_pink,Shoes,Women,/beeone-women-slip-on-sandals-/p/701054560_pink?,Women Slip-on Sandals,BEEONE,300.0,,(85% off),0,0,affordable,,,Ajio
469610857_black,Shoes,Women,/crocs-women-kadee-ii-slip-on-sandals/p/469610857_black?,Women Kadee II Slip-On Sandals,CROCS,2037.0,,(32% off),0,0,affordable,,,Ajio
700712779_black,Shoes,Women,/azores---women-flat-sandals-with-synthetic-fibre-upper-/p/700712779_black?,Women Flat Sandals with Synthetic Fibre Upper,AZORES,300.0,,(80% off),0,0,affordable,,,Ajio
466170984_tan,Shoes,Women,/bata-slip-on-thong-strap-sandals/p/466170984_tan?,Slip-On Thong Strap Sandals,Bata,461.0,,(23% off),0,0,affordable,,,Ajio
410509291_567,Shoes,Women,/steve-madden-sarasota-stilettos-heeled-sandals/p/410509291_567?,Sarasota Stilettos Heeled Sandals,STEVE MADDEN,11999.0,,,0,0,expensive,,,Ajio
702043415_multi,Shoes,Women,/marc-loire-women-embellished-slip-on-flat-sandals-/p/702043415_multi?,Women Embellished Slip-On Flat Sandals,Marc Loire,2061.0,,(10% off),0,0,affordable,,,Ajio
700787786_silver,Shoes,Women,/carlton-london-women-embellished-multi-strap-gladiators/p/700787786_silver?,Women Embellished Multi-Strap Gladiators,Carlton London,1247.0,,(48% off),0,0,affordable,,,Ajio
700978966_silver,Shoes,Women,/max-women-strappy-kitten-heels/p/700978966_silver?,Women Strappy Kitten Heels,MAX,689.0,,(31% off),0,0,affordable,,,Ajio
701436729_grey,Shoes,Women,/shezone-women-embellished-thong-strap-flat-sandals-/p/701436729_grey?,Women Embellished Thong-Strap Flat Sandals,SHEZONE,480.0,,(76% off),0,0,affordable,,,Ajio
701328675_tan,Shoes,Women,/padchin-women-wedges-with-pu-upper/p/701328675_tan?,Women Wedges With PU Upper,Padchin,1191.0,,(54% off),0,0,affordable,,,Ajio
701445017_black,Shoes,Women,/red-tape-women-ankle-length-chelsea-boots/p/701445017_black?,Women Ankle Length Chelsea Boots,RED TAPE,1600.0,,(84% off),0,0,affordable,https://assets-jiocdn.ajio.com/medias/sys_master/root/20250411/FMgO/67f94cbc7a6cd4182fc3faa5/red_tape_black_women_ankle_length_chelsea_boots.jpg,,Ajio
701477822_brown,Shoes,Women,/red-tape-women-ankle-length-boots-with-genuine-leather-upper/p/701477822_brown?,Women Ankle-Length Boots with Genuine leather upper,RED TAPE,1600.0,,(84% off),0,0,affordable,https://assets-jiocdn.ajio.com/medias/sys_master/root/20250420/jjTf/6804de5f55340d4b4fe976c6/red_tape_brown_women_ankle-length_boots_with_genuine_leather_upper.jpg,,Ajio
701442206_offwhite,Shoes,Women,/red-tape-women-round-toe-slip-on-ankle-length-boots-/p/701442206_offwhite?,Women Round-Toe Slip-On Ankle-Length Boots,RED TAPE,1696.0,,(84% off),0,0,affordable,https://assets-jiocdn.ajio.com/medias/sys_master/root/20250411/hZwu/67f9209055340d4b4fc9737d/red_tape_off_white_women_round-toe_slip-on_ankle-length_boots.jpg,,Ajio
701442207_black,Shoes,Women,/red-tape-women-round-toe-ankle-length-boots-/p/701442207_black?,Women Round-Toe Ankle-Length Boots,RED TAPE,1712.0,,(84% off),0,0,affordable,https://assets-jiocdn.ajio.com/medias/sys_master/root/20250411/ak8W/67f91f5455340d4b4fc94777/red_tape_black_women_round-toe_ankle-length_boots.jpg,,Ajio
700411662_black,Shoes,Women,/shoetopia-women-ankle-length-boots-with-zip-closure/p/700411662_black?,Women Ankle-Length Boots with Zip Closure,Shoetopia,826.0,,(72% off),0,0,affordable,https://assets-jiocdn.ajio.com/medias/sys_master/root/20240911/o62o/66e1c8621d763220fade4cac/shoetopia_black_women_ankle-length_boots_with_zip_closure.jpg,,Ajio
700284718_black,Shoes,Women,/truffle-collection-ankle-length-boots-with-zip-closure/p/700284718_black?,Ankle-Length Boots with Zip Closure,Truffle collection,2759.0,,(40% off),0,0,affordable,https://assets-jiocdn.ajio.com/medias/sys_master/root/20240813/8ZOS/66bb48fd1d763220fa76181b/truffle_collection_black_ankle-length_boots_with_zip_closure.jpg,,Ajio
700567879_black,Shoes,Women,/fashion-victim-boots-with-pu-upper/p/700567879_black?,Boots with PU upper,FASHION VICTIM,800.0,,(80% off),0,0,affordable,,,Ajio
701445018_brown,Shoes,Women,/red-tape-women-ankle-length-chelsea-boots/p/701445018_brown?,Women Ankle Length Chelsea Boots,RED TAPE,1712.0,,(84% off),0,0,affordable,,,Ajio
701145837_beige,Shoes,Women,/london-rag-women-boots-with-synthetic-upper/p/701145837_beige?,Women Boots with Synthetic Upper,LONDON RAG,5849.0,,(35% off),0,0,mid,,,Ajio
469684370_tan,Shoes,Women,/arbunore-women-ankle-length-boots-with-chain-accent/p/469684370_tan?,Women Ankle-Length Boots with Chain Accent,ARBUNORE,600.0,,(85% off),0,0,affordable,,,Ajio
469684362_taupe,Shoes,Women,/arbunore-women-ankle-length-boots-with-zip-closure/p/469684362_taupe?,Women Ankle-Length Boots with Zip Closure,ARBUNORE,555.0,,(85% off),0,0,affordable,,,Ajio
701134171_beige,Shoes,Women,/london-rag-women-embellished-pointed-toe-heeled-calf-boots/p/701134171_beige?,Women Embellished Pointed-Toe Heeled Calf Boots,LONDON RAG,5914.0,,(35% off),0,0,mid,,,Ajio
450164020_brown,Shoes,Women,/lee-cooper-women-bow-accent-block-heeled-boots/p/450164020_brown?,Women Bow-Accent Block Heeled Boots,Lee Cooper,990.0,,(70% off),0,0,affordable,,,Ajio
469684362_black,Shoes,Women,/arbunore-women-ankle-length-boots-with-zip-closure/p/469684362_black?,Women Ankle-Length Boots with Zip Closure,ARBUNORE,555.0,,(85% off),0,0,affordable,,,Ajio
701365565_brown,Shoes,Women,/carlo-romano-women-ankle-length-boots-with-leather-upper/p/701365565_brown?,Women Ankle-Length Boots with Leather Upper,CARLO ROMANO,2175.0,,(71% off),0,0,affordable,,,Ajio
700912539_black,Shoes,Women,/carlton-london-women-round-toe-mid-calf-boots/p/700912539_black?,Women Round-Toe Mid-Calf Boots,Carlton London,2750.0,,(50% off),0,0,affordable,,,Ajio
700533569_black,Shoes,Women,/delize-women-knee-length-boots-/p/700533569_black?,Women Knee-Length Boots,DELIZE,3150.0,,(55% off),0,0,mid,,,Ajio
700675529_tan,Shoes,Women,/yoho-women-knee-length-detachable-boots/p/700675529_tan?,Women Knee-Length Detachable Boots,YOHO,2599.0,,(35% off),0,0,affordable,,,Ajio
450165306_brown,Shoes,Women,/catwalk-women-ankle-length-boots-with-zip-closure/p/450165306_brown?,Women Ankle-Length Boots with Zip Closure,CATWALK,1109.0,,(70% off),0,0,affordable,,,Ajio
700103232_black,Shoes,Women,/sherrif-round-toe-boot-with-slip-on-styling/p/700103232_black?,Round-Toe Boot with Slip-On Styling,SHERRIF,3248.0,,(50% off),0,0,mid,,,Ajio
700675518_black,Shoes,Women,/yoho-women-knee-length-detachable-boots/p/700675518_black?,Women Knee-Length Detachable Boots,YOHO,2599.0,,(35% off),0,0,affordable,,,Ajio
701445014_black,Shoes,Women,/red-tape-women-ankle-length-chelsea-boots/p/701445014_black?,Women Ankle Length Chelsea Boots,RED TAPE,1696.0,,(84% off),0,0,affordable,,,Ajio
700657295_black,Shoes,Women,/michael-angelo-women-boots-with-synthetic-upper/p/700657295_black?,Women Boots with Synthetic Upper,MICHAEL ANGELO,2648.0,,(62% off),0,0,affordable,,,Ajio
700528017_tan,Shoes,Women,/selfiee-women-boots-with-faux-leather-upper/p/700528017_tan?,Women Boots with Faux leather upper,Selfiee,860.0,,(57% off),0,0,affordable,,,Ajio
701576507_burgundy,Shoes,Women,/red-tape-women-ankle-length-boots-with-zip-closure/p/701576507_burgundy?,Women Ankle-Length Boots with Zip Closure,RED TAPE,1776.0,,(84% off),0,0,affordable,,,Ajio
700882640_brown,Shoes,Women,/delize-women-round-toe-knee-length-boots/p/700882640_brown?,Women Round-Toe Knee-Length Boots,DELIZE,3220.0,,(54% off),0,0,mid,,,Ajio
700130662_black,Shoes,Women,/selfiee-women-ankle-length-boots-with-zip-closure/p/700130662_black?,Women Ankle-Length Boots with Zip-Closure,Selfiee,855.0,,(62% off),0,0,affordable,,,Ajio
702012990_black,Shoes,Women,/fyre-rose-women-regular-fit-booties-with-round-toes/p/702012990_black?,Women Regular Fit Booties with Round Toes,Fyre Rose,437.0,,(77% off),0,0,affordable,,,Ajio
450167744_darktan,Shoes,Women,/lee-cooper-women-ankle-length-boots/p/450167744_darktan?,Women Ankle-Length Boots,Lee Cooper,1200.0,,(70% off),0,0,affordable,,,Ajio
467283328_black,Shoes,Women,/selfiee-women-knee-length-slip-on-boots/p/467283328_black?,Women Knee-Length Slip-On Boots,Selfiee,580.0,,(71% off),0,0,affordable,,,Ajio
701544489_brown,Shoes,Women,/red-tape-women-ankle-length-boots-with-leather-upper/p/701544489_brown?,Women Ankle-Length Boots with Leather Upper,RED TAPE,1696.0,,(84% off),0,0,affordable,,,Ajio
461937220_black,Shoes,Women,/delize-ankle-length-boots-with-zip-closure/p/461937220_black?,Ankle-Length Boots with Zip Closure,DELIZE,2340.0,,(61% off),0,0,affordable,,,Ajio
700528026_black,Shoes,Women,/selfiee-women-ankle-length-boots-with-zip-closure/p/700528026_black?,Women Ankle-Length Boots with Zip Closure,Selfiee,1059.0,,(47% off),0,0,affordable,,,Ajio
469682968_black,Shoes,Women,/steppings-women-slip-on-ankle-length-boots/p/469682968_black?,Women Slip-On Ankle-Length Boots,Steppings,600.0,,(85% off),0,0,affordable,,,Ajio
410485612_484,Shoes,Women,/dune-london-women-pepi-boots/p/410485612_484?,Women Pepi Boots,Dune London,5600.0,,(60% off),0,0,mid,,,Ajio
700130660_cream,Shoes,Women,/selfiee-women-ankle-length-boots-with-zip-closure/p/700130660_cream?,Women Ankle-Length Boots with Zip-Closure,Selfiee,855.0,,(62% off),0,0,affordable,,,Ajio
469537070_black,Shoes,Women,/everqupid-women-block-heel-chelsea-boots/p/469537070_black?,Women Block Heel Chelsea Boots,Everqupid,1200.0,,(75% off),0,0,affordable,,,Ajio
410034209_514,Shoes,Women,/dune-london-women-taylyn-boots/p/410034209_514?,Women Taylyn Boots,Dune London,16200.0,,(10% off),0,0,expensive,,,Ajio
700336244_black,Shoes,Women,/flat-n-heels-women-knee-length-slip-on-boots-/p/700336244_black?,Women Knee-Length Slip-On Boots,Flat n Heels,1260.0,,(82% off),0,0,affordable,,,Ajio
700636240_black,Shoes,Women,/jm-looks-women-ankle-length-boots-with-zip-closure/p/700636240_black?,Women Ankle-Length Boots with Zip Closure,JM LOOKS,818.0,,(59% off),0,0,affordable,,,Ajio
700705738_brown,Shoes,Women,/shoetopia-women-boots-with-synthetic-upper/p/700705738_brown?,Women Boots with Synthetic Upper,Shoetopia,779.0,,(61% off),0,0,affordable,,,Ajio
466306150_black,Shoes,Women,/shoetopia-ankle-length-boots-with-zip-closure/p/466306150_black?,Ankle-Length Boots with Zip-Closure,Shoetopia,588.0,,(71% off),0,0,affordable,,,Ajio
410487827_509,Shoes,Women,/dune-london-womens-booties-perception-boots/p/410487827_509?,Womens Booties Perception Boots,Dune London,4000.0,,(60% off),0,0,mid,,,Ajio
410486031_017,Shoes,Women,/steve-madden-traction-ankle-length-boots/p/410486031_017?,Traction Ankle-Length Boots,STEVE MADDEN,9000.0,,(55% off),0,0,expensive,,,Ajio
469684366_black,Shoes,Women,/arbunore-women-reptilian-pattern-ankle-boots/p/469684366_black?,Women Reptilian Pattern Ankle Boots,ARBUNORE,495.0,,(85% off),0,0,affordable,,,Ajio
467133661_black,Shoes,Women,/shoetopia-women-lace-up-ankle-length-boots/p/467133661_black?,Women Lace-Up Ankle-Length Boots,Shoetopia,826.0,,(72% off),0,0,affordable,,,Ajio
466745332_black,Shoes,Women,/shoetopia-women-ankle-length-boots-with-zip-closure-/p/466745332_black?,Women Ankle-Length Boots with Zip Closure,Shoetopia,1225.0,,(59% off),0,0,affordable,,,Ajio
450167747_tan,Shoes,Women,/lee-cooper-women-mid-calf-length-boots/p/450167747_tan?,Women Mid-Calf Length Boots,Lee Cooper,1500.0,,(70% off),0,0,affordable,,,Ajio
466510087_black,Shoes,Women,/gardin-ankle-length-slip-on-boots/p/466510087_black?,Ankle-Length Slip-On Boots,Gardin,1500.0,,(70% off),0,0,affordable,,,Ajio
461791208_black,Shoes,Women,/delize-knee-length-boots-with-zip-closure/p/461791208_black?,Knee-Length Boots with Zip Closure,DELIZE,3220.0,,(54% off),0,0,mid,,,Ajio
700499792_black,Shoes,Women,/truffle-collection-women-knee-length-boots-/p/700499792_black?,Women Knee-Length Boots,Truffle collection,3555.0,,(55% off),0,0,mid,,,Ajio
700284718_offwhite,Shoes,Women,/truffle-collection-women-ankle-length-boots-with-zip-closure/p/700284718_offwhite?,Women Ankle-Length Boots with Zip Closure,Truffle collection,2759.0,,(40% off),0,0,affordable,,,Ajio
450164021_tan,Shoes,Women,/lee-cooper-women-ankle-length-boots-with-zip-fastening/p/450164021_tan?,Women Ankle-Length Boots with Zip Fastening,Lee Cooper,747.0,,(70% off),0,0,affordable,,,Ajio
460796862_pink,Shoes,Women,/adorly-panelled-ankle-length-boots/p/460796862_pink?,Panelled Ankle-Length Boots,ADORLY,495.0,,(85% off),0,0,affordable,,,Ajio
700724988_black,Shoes,Women,/ishransh-women-boots-with-synthetic-upper/p/700724988_black?,Women Boots with Synthetic upper,ISHRANSH,575.0,,(77% off),0,0,affordable,,,Ajio
469684366_tan,Shoes,Women,/arbunore-women-reptilian-pattern-ankle-boots/p/469684366_tan?,Women Reptilian Pattern Ankle Boots,ARBUNORE,495.0,,(85% off),0,0,affordable,,,Ajio
467348859_black,Shoes,Women,/elle-women-knee-length-boots-with-zip-closure/p/467348859_black?,Women Knee-Length Boots with Zip-Closure,ELLE,2600.0,,(50% off),0,0,affordable,,,Ajio
701662821_khaki,Shoes,Women,/elle-women-ankle-length-boots-with-synthetic-upper/p/701662821_khaki?,Women Ankle-Length Boots with Synthetic Upper,ELLE,1886.0,,(49% off),0,0,affordable,,,Ajio
469682949_tan,Shoes,Women,/everqupid-women-lace-up-ankle-length-boots/p/469682949_tan?,Women Lace-Up Ankle-Length Boots,Everqupid,600.0,,(85% off),0,0,affordable,,,Ajio
700103256_black,Shoes,Women,/sherrif-round-toe-boot-with-side-zip/p/700103256_black?,Round-Toe Boot with Side Zip,SHERRIF,2528.0,,(54% off),0,0,affordable,,,Ajio
410487828_484,Shoes,Women,/dune-london-womens-booties-plotto-boots/p/410487828_484?,Womens Booties Plotto Boots,Dune London,4800.0,,(60% off),0,0,mid,,,Ajio
466846302_black,Shoes,Women,/valiosaa-women-mid-calf-boots-with-lace-fastening/p/466846302_black?,Women Mid-Calf Boots with Lace Fastening,Valiosaa,2580.0,,(57% off),0,0,affordable,,,Ajio
461915680_black,Shoes,Women,/carlo-romano-genuine-leather-ankle-length-boots-/p/461915680_black?,Genuine Leather Ankle-Length Boots,CARLO ROMANO,2255.0,,(59% off),0,0,affordable,,,Ajio
701599300_black,Shoes,Women,/pahasa-women-booties-with-pu-upper/p/701599300_black?,Women Booties With PU Upper,PAHASA,608.0,,(68% off),0,0,affordable,,,Ajio
469684366_cherry,Shoes,Women,/arbunore-women-reptilian-pattern-ankle-boots/p/469684366_cherry?,Women Reptilian Pattern Ankle Boots,ARBUNORE,495.0,,(85% off),0,0,affordable,,,Ajio
702012990_brown,Shoes,Women,/fyre-rose-women-regular-fit-booties-with-round-toes/p/702012990_brown?,Women Regular Fit Booties with Round Toes,Fyre Rose,437.0,,(77% off),0,0,affordable,,,Ajio
469682950_tan,Shoes,Women,/everqupid-women-ankle-length-boots-with-zip-closure/p/469682950_tan?,Women Ankle-Length Boots with Zip Closure,Everqupid,600.0,,(85% off),0,0,affordable,,,Ajio
465681267_white,Shoes,Women,/london-rag-high-heeled-platform-ankle-boots/p/465681267_white?,High Heeled Platform Ankle Boots,LONDON RAG,5535.0,,(55% off),0,0,mid,,,Ajio
410408166_blk,Shoes,Women,/steve-madden-sm-1577-mid-calf-block-heeled-boots/p/410408166_blk?,SM -1577 Mid-Calf Block-Heeled Boots,STEVE MADDEN,5850.0,,(55% off),0,0,mid,,,Ajio
700724988_white,Shoes,Women,/ishransh-woman-boots-with-synthetic-upper/p/700724988_white?,Woman Boots with Synthetic upper,ISHRANSH,575.0,,(77% off),0,0,affordable,,,Ajio
700962083_black,Shoes,Women,/delize-women-ankle-length-boots-/p/700962083_black?,Women Ankle-Length Boots,DELIZE,1860.0,,(69% off),0,0,affordable,,,Ajio
466118774_black,Shoes,Women,/delize-heeled-ankle-length-boots-with-zip-closure/p/466118774_black?,Heeled Ankle-Length Boots with Zip Closure,DELIZE,2280.0,,(62% off),0,0,affordable,,,Ajio
700704154_black,Shoes,Women,/fashion-victim-boots-with-pu-upper/p/700704154_black?,Boots with PU Upper,FASHION VICTIM,920.0,,(77% off),0,0,affordable,,,Ajio
701662821_cream,Shoes,Women,/elle-women-round-toe-ankle-length-boots-/p/701662821_cream?,Women Round-Toe Ankle-Length Boots,ELLE,1850.0,,(50% off),0,0,affordable,,,Ajio
450167741_cherry,Shoes,Women,/lee-cooper-women-reptilian-ankle-length-boots/p/450167741_cherry?,Women Reptilian Ankle-Length Boots,Lee Cooper,1200.0,,(70% off),0,0,affordable,,,Ajio
469682956_black,Shoes,Women,/everqupid-women-slip-on-ankle-length-boots/p/469682956_black?,Women Slip-On Ankle-Length Boots,Everqupid,720.0,,(85% off),0,0,affordable,,,Ajio
700533569_brown,Shoes,Women,/delize-women-knee-length-boots-/p/700533569_brown?,Women Knee-Length Boots,DELIZE,3150.0,,(55% off),0,0,mid,,,Ajio
701711419_black,Shoes,Women,/longwalk-women-high-ankle-length-boots/p/701711419_black?,Women High Ankle-Length Boots,LONGWALK,600.0,,(80% off),0,0,affordable,,,Ajio
410303888_blk,Shoes,Women,/steve-madden-ankle-length-boots-with-zip-closure/p/410303888_blk?,Ankle-Length Boots with Zip Closure,STEVE MADDEN,4840.0,,(56% off),0,0,mid,,,Ajio
410369680_blk,Shoes,Women,/steve-madden-sm-kaven-3-ankle-length-boots/p/410369680_blk?,SM Kaven 3 Ankle-Length Boots,STEVE MADDEN,3420.0,,(62% off),0,0,mid,,,Ajio
410487868_235,Shoes,Women,/steve-madden-women-lulah-ankle-length-boots/p/410487868_235?,Women Lulah Ankle-Length Boots,STEVE MADDEN,7200.0,,(55% off),0,0,mid,,,Ajio
410508589_brn,Shoes,Women,/steve-madden-lace-up-boots/p/410508589_brn?,Lace-Up Boots,STEVE MADDEN,4400.0,,(56% off),0,0,mid,,,Ajio
410500333_cog,Shoes,Women,/steve-madden-sm-1581-ankle-length-boots/p/410500333_cog?,SM-1581 Ankle-Length Boots,STEVE MADDEN,5400.0,,(55% off),0,0,mid,,,Ajio
467066227_black,Shoes,Women,/difeet-women-ankle-length-boots/p/467066227_black?,Women Ankle-Length Boots,Difeet,1589.0,,(47% off),0,0,affordable,,,Ajio
410487871_001,Shoes,Women,/steve-madden-women-hillside-knee-length-boots/p/410487871_001?,Women Hillside Knee-Length Boots,STEVE MADDEN,7200.0,,(55% off),0,0,mid,,,Ajio
450132083_black,Shoes,Women,/catwalk-glossy-lace-up-boots-with-chunky-heels/p/450132083_black?,Glossy Lace-Up Boots with Chunky Heels,CATWALK,1169.0,,(70% off),0,0,affordable,,,Ajio
466869365_black,Shoes,Women,/london-rag-women-ankle-length-boots-with-zip-closure/p/466869365_black?,Women Ankle-Length Boots with Zip Closure,LONDON RAG,3574.0,,(35% off),0,0,mid,,,Ajio
701496960_black,Shoes,Women,/bxxy-women-round-toe-ankle-length-boots/p/701496960_black?,Women Round-Toe Ankle-Length Boots,BXXY,2500.0,,(75% off),0,0,affordable,,,Ajio
410487830_484,Shoes,Women,/dune-london-women-tepsi-genuine-leather-mid-calf-length-boots/p/410487830_484?,Women Tepsi Genuine Leather Mid-Calf Length Boots,Dune London,7500.0,,(50% off),0,0,mid,,,Ajio
465201584_black,Shoes,Women,/gardin-ankle-length-boots-with-buckle-closure-/p/465201584_black?,Ankle Length Boots with Buckle Closure,Gardin,1500.0,,(70% off),0,0,affordable,,,Ajio
467285827_brown,Shoes,Men,/mactree-men-genuine-leather-formal-derby-shoes/p/467285827_brown?,Men Genuine Leather Formal Derby Shoes,Mactree,832.0,,(80% off),0,0,affordable,https://assets-jiocdn.ajio.com/medias/sys_master/root/20240429/5b3G/662ea50005ac7d77bb301a8e/mactree_brown_men_genuine_leather_formal_derby_shoes.jpg,,Ajio
469275417_black,Shoes,Men,/clarks-men-lace-up-derby-shoes/p/469275417_black?,Men Lace-Up Derby Shoes,CLARKS,2700.0,,(64% off),0,0,affordable,https://assets-jiocdn.ajio.com/medias/sys_master/root/20230622/eMwF/64946e4442f9e729d779eba8/clarks_black_men_lace-up_derby_shoes.jpg,,Ajio
467321054_brown,Shoes,Men,/carlo-romano-men-croc-embossed-double-strap-monks/p/467321054_brown?,Men Croc-Embossed Double Strap Monks,CARLO ROMANO,2000.0,,(80% off),0,0,affordable,https://assets-jiocdn.ajio.com/medias/sys_master/root/20240510/Yp9I/663e20bb05ac7d77bb50b663/carlo_romano_brown_men_croc-embossed_double_strap_monks.jpg,,Ajio
469275292_black,Shoes,Men,/clarks-howard-cap-low-top-derby-shoes/p/469275292_black?,Howard Cap Low-Top Derby Shoes,CLARKS,2100.0,,(70% off),0,0,affordable,https://assets-jiocdn.ajio.com/medias/sys_master/root/20220824/OgA7/63053b42aeb2691761979621/clarks_black_howard_cap_low-top_derby_shoes.jpg,,Ajio
700077852_black,Shoes,Men,/monte-carlo-men-round-toe-slip-on-shoes/p/700077852_black?,Men Round-Toe Slip-On Shoes,MONTE CARLO,2500.0,,(50% off),0,0,affordable,https://assets-jiocdn.ajio.com/medias/sys_master/root/20240925/00Q8/66f40597260f9c41e8272db9/monte_carlo_black_men_round-toe_slip-on_shoes.jpg,,Ajio
465077511_brown,Shoes,Men,/red-chief-pointed-toe-lace-up-derbys-/p/465077511_brown?,Pointed-Toe Lace-Up Derbys,RED CHIEF,1508.0,,(71% off),0,0,affordable,https://assets-jiocdn.ajio.com/medias/sys_master/root/20250206/lMU5/67a495a62960820c4965e88e/red_chief_brown_pointed-toe_lace-up_derbys.jpg,,Ajio
700917535_brown,Shoes,Men,/shuan-men-derbys-with-synthetic-upper/p/700917535_brown?,Men Derbys with Synthetic Upper,SHUAN,625.0,,(75% off),0,0,affordable,,,Ajio
701168400_black,Shoes,Men,/code-by-lifestyle-formal-shoes-with-leather-upper/p/701168400_black?,Formal Shoes with Leather Upper,CODE by lifestyle,1344.0,,(46% off),0,0,affordable,,,Ajio
464112875_brown,Shoes,Men,/red-chief-lather-derby-formal-shoes/p/464112875_brown?,Lather Derby Formal Shoes,RED CHIEF,1890.0,,(65% off),0,0,affordable,,,Ajio
467227174_black,Shoes,Men,/bata-men-square-toe-formal-shoes/p/467227174_black?,Men Square-Toe Formal Shoes,Bata,774.0,,(57% off),0,0,affordable,,,Ajio
450158631_brown,Shoes,Men,/lee-cooper-men-low-top-lace-up-derby-shoes/p/450158631_brown?,Men Low-Top Lace-Up Derby Shoes,Lee Cooper,1650.0,,(50% off),0,0,affordable,,,Ajio
451012164_brown,Shoes,Men,/florsheim-men-formal-lace-up-shoes-/p/451012164_brown?,Men Formal Lace-Up Shoes,FLORSHEIM,3358.0,,(52% off),0,0,mid,,,Ajio
450146104_black,Shoes,Men,/lee-cooper-round-toe-slip-on-formal-shoes/p/450146104_black?,Round-Toe Slip-On Formal Shoes,Lee Cooper,1805.0,,(30% off),0,0,affordable,,,Ajio
469145455_black,Shoes,Men,/clarks-lace-up-brogue-shoes/p/469145455_black?,Lace-Up Brogue Shoes,CLARKS,2450.0,,(65% off),0,0,affordable,,,Ajio
701368196_tan,Shoes,Men,/florsheim-men-round-toe-formal-lace-up-shoes/p/701368196_tan?,Men Round-Toe Formal Lace-Up Shoes,FLORSHEIM,3358.0,,(52% off),0,0,mid,,,Ajio
700577603_brown,Shoes,Men,/bata-men-loafers-with-synthetic-upper/p/700577603_brown?,Men Loafers with Synthetic Upper,Bata,625.0,,(75% off),0,0,affordable,,,Ajio
450169792_black,Shoes,Men,/lee-cooper-men-low-top-formal-derby-shoes/p/450169792_black?,Men Low-Top Formal Derby Shoes,Lee Cooper,1650.0,,(50% off),0,0,affordable,,,Ajio
701368196_blue,Shoes,Men,/florsheim-men-formal-lace-up-shoes/p/701368196_blue?,Men Formal Lace-Up Shoes,FLORSHEIM,3358.0,,(52% off),0,0,mid,,,Ajio
450149103_brown,Shoes,Men,/lee-cooper-men-bit-loafers-with-metal-accent/p/450149103_brown?,Men Bit Loafers with Metal Accent,Lee Cooper,900.0,,(70% off),0,0,affordable,,,Ajio
450158880_brown,Shoes,Men,/lee-cooper-men-lace-up-oxford-formal-shoes/p/450158880_brown?,Men Lace-Up Oxford Formal Shoes,Lee Cooper,2999.0,,,0,0,affordable,,,Ajio
451012170_black,Shoes,Men,/florsheim-men-slip-on-shoes-/p/451012170_black?,Men Slip-On Shoes,FLORSHEIM,3358.0,,(52% off),0,0,mid,,,Ajio
469540426_tan,Shoes,Men,/clarks-men-karlock-trim-slip-on-formal-shoes/p/469540426_tan?,Men Karlock Trim Slip-On Formal Shoes,CLARKS,2800.0,,(65% off),0,0,affordable,,,Ajio
469286719_black,Shoes,Men,/clarks-clarkslite-ave-square-toe-loafers/p/469286719_black?,Clarkslite Ave Square-Toe Loafers,CLARKS,2145.0,,(67% off),0,0,affordable,,,Ajio
701368219_tan,Shoes,Men,/florsheim-men-slip-on-shoes-/p/701368219_tan?,Men Slip-On Shoes,FLORSHEIM,3358.0,,(52% off),0,0,mid,,,Ajio
700821547_tan,Shoes,Men,/mochi-men-round-toe-formal-slip-on-shoes-/p/700821547_tan?,Men Round-Toe Formal Slip-On Shoes,Mochi,1845.0,,(50% off),0,0,affordable,,,Ajio
467135081_brown,Shoes,Men,/bucik-men-round-toe-slip-on-loafers-/p/467135081_brown?,Men Round-Toe Slip-On Loafers,BUCIK,660.0,,(80% off),0,0,affordable,,,Ajio
701370080_tan,Shoes,Men,/florsheim-men-flat-heel-slip-on-formal-shoe/p/701370080_tan?,Men Flat Heel Slip-On Formal Shoe,FLORSHEIM,3118.0,,(61% off),0,0,mid,,,Ajio
700815570_black,Shoes,Men,/red-chief-men-derbys-with-genuine-leather-upper/p/700815570_black?,Men Derbys with Genuine Leather Upper,RED CHIEF,2775.0,,(63% off),0,0,affordable,,,Ajio
702127444_brown,Shoes,Men,/mactree-men-round-toe-slip-on-loafers/p/702127444_brown?,Men Round-Toe Slip-On Loafers,Mactree,1189.0,,(79% off),0,0,affordable,,,Ajio
701370101_brown,Shoes,Men,/florsheim-men-flat-heel-slip-on-formal-shoe/p/701370101_brown?,Men Flat Heel Slip-On Formal Shoe,FLORSHEIM,3118.0,,(61% off),0,0,mid,,,Ajio
467321069_tan,Shoes,Men,/carlo-romano-men-longwing-brogues-/p/467321069_tan?,Men Longwing Brogues,CARLO ROMANO,1638.0,,(61% off),0,0,affordable,,,Ajio
410499151_017,Shoes,Men,/steve-madden-kiran-formal-dress-loafers/p/410499151_017?,Kiran Formal Dress Loafers,STEVE MADDEN,5400.0,,(55% off),0,0,mid,,,Ajio
451003056_black,Shoes,Men,/florsheim-men-formal-lace-up-shoes-/p/451003056_black?,Men Formal Lace-Up Shoes,FLORSHEIM,3998.0,,(60% off),0,0,mid,,,Ajio
450163532_black,Shoes,Men,/lee-cooper-men-low-top-leather-derby-shoes/p/450163532_black?,Men Low-Top Leather Derby Shoes,Lee Cooper,1400.0,,(60% off),0,0,affordable,,,Ajio
450150929_black,Shoes,Men,/schumann-almond-toe-slip-on-shoes/p/450150929_black?,Almond-Toe Slip-On Shoes,SCHUMANN,578.0,,(50% off),0,0,affordable,,,Ajio
451002029_tan,Shoes,Men,/florsheim-men-slip-on-shoes-/p/451002029_tan?,Men Slip-On Shoes,FLORSHEIM,4298.0,,(57% off),0,0,mid,,,Ajio
700797044_brown,Shoes,Men,/mactree-men-monks-with-pu-upper/p/700797044_brown?,Men Monks with PU upper,Mactree,748.0,,(75% off),0,0,affordable,,,Ajio
700221635_brown,Shoes,Men,/red-tape-round-toe-slip-on-loafers/p/700221635_brown?,Round-Toe Slip-On Loafers,RED TAPE,2310.0,,(70% off),0,0,affordable,,,Ajio
451001993_black,Shoes,Men,/florsheim-men-derbys-shoes/p/451001993_black?,Men Derbys Shoes,FLORSHEIM,3218.0,,(54% off),0,0,mid,,,Ajio
450146112_black,Shoes,Men,/lee-cooper-square-toe-lace-up-derby-shoes/p/450146112_black?,Square-Toe Lace-Up Derby Shoes,Lee Cooper,1743.0,,(30% off),0,0,affordable,,,Ajio
469145456_tan,Shoes,Men,/clarks-lace-up-brogue-shoes/p/469145456_tan?,Lace-Up Brogue Shoes,CLARKS,2310.0,,(67% off),0,0,affordable,,,Ajio
451001995_black,Shoes,Men,/florsheim-men-derbys-shoes/p/451001995_black?,Men Derbys Shoes,FLORSHEIM,3218.0,,(54% off),0,0,mid,,,Ajio
467285784_brown,Shoes,Men,/mactree-men-genuine-leather-wingtip-oxfords/p/467285784_brown?,Men Genuine Leather Wingtip Oxfords,Mactree,832.0,,(80% off),0,0,affordable,,,Ajio
450152673_brown,Shoes,Men,/lee-cooper-men-lace-up-derby-shoes/p/450152673_brown?,Men Lace-Up Derby Shoes,Lee Cooper,1500.0,,(50% off),0,0,affordable,,,Ajio
451003450_black,Shoes,Men,/florsheim-men-slip-on-shoes-/p/451003450_black?,Men Slip-On Shoes,FLORSHEIM,3448.0,,(54% off),0,0,mid,,,Ajio
466961616_black,Shoes,Men,/shuan-slip-on-shoes-with-synthetic-upper/p/466961616_black?,Slip-On Shoes with Synthetic upper,SHUAN,608.0,,(68% off),0,0,affordable,,,Ajio
466320876_brown,Shoes,Men,/mochi-men-round-toe-slip-on-loafers/p/466320876_brown?,Men Round-Toe Slip-On Loafers,Mochi,1885.0,,(46% off),0,0,affordable,,,Ajio
700012013_black,Shoes,Men,/thomas-crick-men-round-toe-slip-on-loafers/p/700012013_black?,Men Round-Toe Slip-On Loafers,THOMAS CRICK,1300.0,,(80% off),0,0,affordable,,,Ajio
701645371_brown,Shoes,Men,/restroad-men-fomal-lace-up-round-toe-shoes/p/701645371_brown?,Men Fomal Lace-Up Round-Toe Shoes,Restroad,500.0,,(50% off),0,0,affordable,,,Ajio
700011998_brown,Shoes,Men,/thomas-crick-men-round-toe-lace-up-shoes/p/700011998_brown?,Men Round-Toe Lace-Up Shoes,THOMAS CRICK,1536.0,,(77% off),0,0,affordable,,,Ajio
451021928_black,Shoes,Men,/florsheim-men-slip-on-shoes-leather-upper/p/451021928_black?,Men Slip-On Shoes leather upper,FLORSHEIM,3118.0,,(61% off),0,0,mid,,,Ajio
700923074_tan,Shoes,Men,/carlo-romano-women-lace-up-shoes-with-buckle-closure/p/700923074_tan?,Women Lace-Up Shoes with Buckle-Closure,CARLO ROMANO,2000.0,,(80% off),0,0,affordable,,,Ajio
700077824_navy,Shoes,Men,/monte-carlo-men-round-toe-lace-up-shoes/p/700077824_navy?,Men Round-Toe Lace-Up Shoes,MONTE CARLO,2600.0,,(50% off),0,0,affordable,,,Ajio
451002001_black,Shoes,Men,/florsheim-men-derbys-shoes/p/451002001_black?,Men Derbys Shoes,FLORSHEIM,2448.0,,(65% off),0,0,affordable,,,Ajio
466486536_black,Shoes,Men,/bluegold-bg-round-toe-slip-on-derbys-/p/466486536_black?,Round-toe Slip-On Derbys,BLUEGOLD-BG,1000.0,,(75% off),0,0,affordable,,,Ajio
467321069_brown,Shoes,Men,/carlo-romano-men-longwing-brogues-/p/467321069_brown?,Men Longwing Brogues,CARLO ROMANO,1638.0,,(61% off),0,0,affordable,,,Ajio
701368236_tan,Shoes,Men,/florsheim-men-slip-on-shoes/p/701368236_tan?,Men Slip-On Shoes,FLORSHEIM,2458.0,,(59% off),0,0,affordable,,,Ajio
700308376_black,Shoes,Men,/mactree-men-round-toe-slip-on-loafers-/p/700308376_black?,Men Round-Toe Slip-On Loafers,Mactree,679.0,,(76% off),0,0,affordable,,,Ajio
410500320_bco,Shoes,Men,/steve-madden-haydenn-formal-dress-monks/p/410500320_bco?,Haydenn Formal Dress Monks,STEVE MADDEN,7650.0,,(55% off),0,0,mid,,,Ajio
701368219_tan,Shoes,Men,/florsheim-men-slip-on-shoes-/p/701368219_tan?,Men Slip-On Shoes,FLORSHEIM,3358.0,,(52% off),0,0,mid,,,Ajio
450156047_tan,Shoes,Men,/lee-cooper-men-lace-up-oxford-formal-shoes/p/450156047_tan?,Men Lace-Up Oxford Formal Shoes,Lee Cooper,1245.0,,(50% off),0,0,affordable,,,Ajio
700308379_brown,Shoes,Men,/mactree-men-round-toe-slip-on-loafers-/p/700308379_brown?,Men Round-Toe Slip-On Loafers,Mactree,679.0,,(76% off),0,0,affordable,,,Ajio
700012058_brown,Shoes,Men,/thomas-crick-men-round-toe-lace-up-shoes/p/700012058_brown?,Men Round-Toe Lace-Up Shoes,THOMAS CRICK,1667.0,,(75% off),0,0,affordable,,,Ajio
467176558_black,Shoes,Men,/bucik-men-slip-on-formal-shoes/p/467176558_black?,Men Slip-On Formal Shoes,BUCIK,660.0,,(80% off),0,0,affordable,,,Ajio
700423104_brown,Shoes,Men,/shuan-men-round-toe-slip-on-mocassins/p/700423104_brown?,Men Round-Toe Slip-On Mocassins,SHUAN,616.0,,(72% off),0,0,affordable,,,Ajio
701375015_tan,Shoes,Men,/florsheim-men-round-toe-formal-lace-up-shoes/p/701375015_tan?,Men Round-Toe Formal Lace-Up Shoes,FLORSHEIM,3218.0,,(54% off),0,0,mid,,,Ajio
466477321_brown,Shoes,Men,/ruosh-men-lace-up-derby-shoes/p/466477321_brown?,Men Lace-Up Derby Shoes,RUOSH,2097.0,,(65% off),0,0,affordable,,,Ajio
469608696_black,Shoes,Men,/louis-philippe-men-leather-penny-loafers/p/469608696_black?,Men Leather Penny Loafers,LOUIS PHILIPPE,2624.0,,(48% off),0,0,affordable,,,Ajio
451002029_tan,Shoes,Men,/florsheim-men-slip-on-shoes-/p/451002029_tan?,Men Slip-On Shoes,FLORSHEIM,4298.0,,(57% off),0,0,mid,,,Ajio
450150916_brown,Shoes,Men,/schumann-men-panelled-lace-up-derby-shoes/p/450150916_brown?,Men Panelled Lace-Up Derby Shoes,SCHUMANN,936.0,,,0,0,affordable,,,Ajio
410499152_18,Shoes,Men,/steve-madden-nixon-monks-formal-shoes/p/410499152_18?,Nixon Monks Formal Shoes,STEVE MADDEN,5850.0,,(55% off),0,0,mid,,,Ajio
464112875_brown,Shoes,Men,/red-chief-lather-derby-formal-shoes/p/464112875_brown?,Lather Derby Formal Shoes,RED CHIEF,1890.0,,(65% off),0,0,affordable,,,Ajio
700609861_navy,Shoes,Men,/bata-men-loafers-with-synthetic-upper/p/700609861_navy?,Men Loafers with Synthetic Upper,Bata,575.0,,(77% off),0,0,affordable,,,Ajio
450146346_black,Shoes,Men,/schumann-lace-fastening-derby-shoes/p/450146346_black?,Lace Fastening Derby Shoes,SCHUMANN,1000.0,,(25% off),0,0,affordable,,,Ajio
451001999_black,Shoes,Men,/florsheim-men-slip-on-shoes-/p/451001999_black?,Men Slip-On Shoes,FLORSHEIM,3218.0,,(54% off),0,0,mid,,,Ajio
461117080_black,Shoes,Men,/mactree-paneled-lace-up-formal-shoes/p/461117080_black?,Paneled Lace-Up Formal Shoes,Mactree,647.0,,(63% off),0,0,affordable,,,Ajio
467219104_brown,Shoes,Men,/bata-men-round-toe-slip-on-shoes-/p/467219104_brown?,Men Round-Toe Slip-On Shoes,Bata,688.0,,(57% off),0,0,affordable,,,Ajio
451012170_black,Shoes,Men,/florsheim-men-slip-on-shoes-/p/451012170_black?,Men Slip-On Shoes,FLORSHEIM,3358.0,,(52% off),0,0,mid,,,Ajio
701369805_black,Shoes,Men,/aadi-men-derbys-with-synthetic-upper/p/701369805_black?,Men Derbys with Synthetic upper,aadi,410.0,,(59% off),0,0,affordable,,,Ajio
700423104_black,Shoes,Men,/shuan-men-round-toe-slip-on-mocassins/p/700423104_black?,Men Round-Toe Slip-On Mocassins,SHUAN,616.0,,(72% off),0,0,affordable,,,Ajio
700012043_tan,Shoes,Men,/thomas-crick-men-round-toe-slip-on-brogues/p/700012043_tan?,Men Round-Toe Slip-On Brogues,THOMAS CRICK,1890.0,,(75% off),0,0,affordable,,,Ajio
461573490_black,Shoes,Men,/leatherkraft-textured-formal-lace-up-shoes/p/461573490_black?,Textured Formal Lace-Up Shoes,Leatherkraft,412.0,,(67% off),0,0,affordable,,,Ajio
469608699_black,Shoes,Men,/louis-philippe-men-leather-lace-up-oxfords/p/469608699_black?,Men Leather Lace-Up Oxfords,LOUIS PHILIPPE,3418.0,,(41% off),0,0,mid,,,Ajio
451003450_black,Shoes,Men,/florsheim-men-slip-on-shoes-/p/451003450_black?,Men Slip-On Shoes,FLORSHEIM,3448.0,,(54% off),0,0,mid,,,Ajio
466673852_tan,Shoes,Men,/frank-romello-reptilian-print-slip-on-monks/p/466673852_tan?,Reptilian Print Slip-On Monks,FRANK ROMELLO,1400.0,,(65% off),0,0,affordable,,,Ajio
700077826_brown,Shoes,Men,/monte-carlo-men-round-toe-lace-up-shoes/p/700077826_brown?,Men Round-Toe Lace-Up Shoes,MONTE CARLO,3000.0,,(50% off),0,0,mid,,,Ajio
701366476_tan,Shoes,Men,/florsheim-men-round-toe-slip-on-formal-shoes/p/701366476_tan?,Men Round-Toe Slip-On Formal Shoes,FLORSHEIM,3218.0,,(54% off),0,0,mid,,,Ajio
469275349_tan,Shoes,Men,/clarks-clarkslite-low-top-derby-shoes/p/469275349_tan?,Clarkslite Low-Top Derby Shoes,CLARKS,2600.0,,(60% off),0,0,affordable,,,Ajio
467321069_black,Shoes,Men,/carlo-romano-men-round-toe-brogues-/p/467321069_black?,Men Round-Toe Brogues,CARLO ROMANO,1680.0,,(60% off),0,0,affordable,,,Ajio
451001997_black,Shoes,Men,/florsheim-men-slip-on-shoes-/p/451001997_black?,Men Slip-On Shoes,FLORSHEIM,2458.0,,(59% off),0,0,affordable,,,Ajio
469574267_blue,Shoes,Men,/crocs-men-crocband-perforated-slingback-clogs/p/469574267_blue?,Men Crocband Perforated Slingback Clogs,CROCS,1429.0,,(74% off),0,0,affordable,https://assets-jiocdn.ajio.com/medias/sys_master/root/20241009/hyav/67067c06f9b8ef490ba84cd2/crocs_blue_men_crocband_perforated_slingback_clogs.jpg,,Ajio
702147018_black,Shoes,Men,/red-tape-men-embossed-logo-slide-flip-flops/p/702147018_black?,Men Embossed Logo Slide Flip Flops,RED TAPE,308.0,,(86% off),0,0,affordable,https://assets-jiocdn.ajio.com/medias/sys_master/root1/20250825/XQ3K/68ac4b278bfb9009aca8a70d/red_tape_black_men_embossed_logo_slide_flip_flops.jpg,,Ajio
701963120_brown,Shoes,Men,/onsole-men-open-toe-slip-on-flip-flops/p/701963120_brown?,Men Open-Toe Slip-On Flip Flops,ONSOLE,868.0,,(69% off),0,0,affordable,https://assets-jiocdn.ajio.com/medias/sys_master/root1/20250717/VHWY/68782fa76034bf77f0bd37b8/onsole_brown_men_open-toe_slip-on_flip_flops.jpg,,Ajio
469574260_black,Shoes,Men,/crocs-men-baya-sling-back-clogs/p/469574260_black?,Men Baya Sling-Back Clogs,CROCS,1843.0,,(59% off),0,0,affordable,https://assets-jiocdn.ajio.com/medias/sys_master/root/20231225/HFXp/65897b69afa4cf41f5e6e8d3/crocs_black_men_baya_sling-back_clogs.jpg,,Ajio
469505229_green,Shoes,Men,/crocs-men-bayaband-clogs/p/469505229_green?,Men Bayaband Clogs,CROCS,2253.0,,(59% off),0,0,affordable,https://assets-jiocdn.ajio.com/medias/sys_master/root/20231010/7rVp/65256f10ddf779151931606c/crocs_green_men_bayaband_clogs.jpg,,Ajio
701366164_brown,Shoes,Men,/ruosh-men-sandals-with-leather-upper/p/701366164_brown?,Men Sandals With Leather Upper,RUOSH,2990.0,,,0,0,affordable,https://assets-jiocdn.ajio.com/medias/sys_master/root/20250324/U4up/67e0650e55340d4b4f820d48/ruosh_brown_men_sandals_with_leather_upper.jpg,,Ajio
701151156_blue,Shoes,Men,/red-tape-men-flip-flops-/p/701151156_blue?,Men Flip Flops,RED TAPE,375.0,,(85% off),0,0,affordable,,,Ajio
700131610_navy,Shoes,Men,/red-tape-men-round-toe-slip-on-flip-flops/p/700131610_navy?,Men Round-Toe Slip-On Flip-Flops,RED TAPE,594.0,,(82% off),0,0,affordable,,,Ajio
702083747_white,Shoes,Men,/florsheim-men-sandals-with-leather-upper/p/702083747_white?,Men Sandals with Leather Upper,FLORSHEIM,5995.0,,,0,0,mid,,,Ajio
702135110_black,Shoes,Men,/fentacia-men-flat-slip-on-sandals/p/702135110_black?,Men Flat Slip-On Sandals,FENTACIA,1170.0,,(82% off),0,0,affordable,,,Ajio
469250212_blue,Shoes,Men,/puma-marine-logo-print-sliders/p/469250212_blue?,Marine Logo Print Sliders,Puma,690.0,,(70% off),0,0,affordable,,,Ajio
701364032_black,Shoes,Men,/florsheim-men-sandals-with-leather-upper/p/701364032_black?,Men Sandals With Leather Upper,FLORSHEIM,5995.0,,,0,0,mid,,,Ajio
469177722_black,Shoes,Men,/puma-men-wave-flip-flops/p/469177722_black?,Men Wave Flip-Flops,Puma,840.0,,(58% off),0,0,affordable,,,Ajio
700039824_black,Shoes,Men,/red-tape-men-t-strap-slip-on-flip-flops-/p/700039824_black?,Men T-Strap Slip-On Flip Flops,RED TAPE,594.0,,(82% off),0,0,affordable,,,Ajio
701364031_black,Shoes,Men,/florsheim-men-sandals-with-leather-upper/p/701364031_black?,Men Sandals With Leather Upper,FLORSHEIM,3995.0,,,0,0,mid,,,Ajio
701995156_grey,Shoes,Men,/puma-flip-flops-with-synthetic-upper/p/701995156_grey?,Flip Flops with Synthetic Upper,Puma,1949.0,,(35% off),0,0,affordable,,,Ajio
460207647_navy,Shoes,Men,/crocs-men-bayaband-croslite-thong-strap-flip-flops/p/460207647_navy?,Men Bayaband Croslite Thong-Strap Flip-Flops,CROCS,2237.0,,(36% off),0,0,affordable,,,Ajio
701393587_brown,Shoes,Men,/ruosh-men-sandals-with-leather-upper/p/701393587_brown?,Men Sandals With Leather Upper,RUOSH,3690.0,,,0,0,mid,,,Ajio
700187185_brown,Shoes,Men,/red-tape-men-thong-strap-slip-on-flip-flops/p/700187185_brown?,Men Thong-Strap Slip-On Flip-Flops,RED TAPE,594.0,,(82% off),0,0,affordable,,,Ajio
701167955_grey,Shoes,Men,/red-tape-thong-style-flip-flops-with-pu-upper/p/701167955_grey?,Thong-Style Flip-Flops with PU Upper,RED TAPE,832.0,,(84% off),0,0,affordable,,,Ajio
701398265_black,Shoes,Men,/florsheim-men-sandals-with-genuine-leather-upper/p/701398265_black?,Men Sandals with Genuine leather upper,FLORSHEIM,4995.0,,,0,0,mid,,,Ajio
701094694_black,Shoes,Men,/red-tape-men-open-toe-slip-on-flip-flops/p/701094694_black?,Men Open-Toe Slip-On Flip-Flops,RED TAPE,375.0,,(85% off),0,0,affordable,,,Ajio
460753440_white,Shoes,Men,/under-armour-ua-core-pth-slip-on-sliders/p/460753440_white?,UA Core PTH Slip-On Sliders,Under Armour,1132.0,,(36% off),0,0,affordable,,,Ajio
701398265_tan,Shoes,Men,/florsheim-men-sandals-with-genuine-leather-upper/p/701398265_tan?,Men Sandals with Genuine leather upper,FLORSHEIM,4995.0,,,0,0,mid,,,Ajio
701583810_brown,Shoes,Men,/fentacia-men-slip-on-sandals/p/701583810_brown?,Men Slip-On Sandals,FENTACIA,1139.0,,(81% off),0,0,affordable,,,Ajio
701131795_black,Shoes,Men,/spykar-men-slip-on-sandals-/p/701131795_black?,Men Slip-on Sandals,SPYKAR,600.0,,(70% off),0,0,affordable,,,Ajio
702081534_black,Shoes,Men,/ruosh-men-round-toe-slip-on-sandals/p/702081534_black?,Men Round-Toe Slip-On Sandals,RUOSH,3690.0,,,0,0,mid,,,Ajio
700127884_grey,Shoes,Men,/red-tape-men-slip-on-round-toe-sandals/p/700127884_grey?,Men Slip-On Round-Toe Sandals,RED TAPE,594.0,,(82% off),0,0,affordable,,,Ajio
467074974_beige,Shoes,Men,/red-tape-open-toe-slip-on-flat-slides/p/467074974_beige?,Open-Toe Slip-On Flat Slides,RED TAPE,700.0,,(80% off),0,0,affordable,,,Ajio
702081541_tan,Shoes,Men,/ruosh-men-colourblock-slip-on-sandals/p/702081541_tan?,Men Colourblock Slip-On Sandals,RUOSH,3990.0,,,0,0,mid,,,Ajio
450163469_brown,Shoes,Men,/lee-cooper-men-slip-on-sandals-with-cutouts/p/450163469_brown?,Men Slip-On Sandals with Cutouts,Lee Cooper,1112.0,,(50% off),0,0,affordable,,,Ajio
701025223_grey,Shoes,Men,/crocs-men-bayaband-flip-flops-with-eva-upper/p/701025223_grey?,Men Bayaband Flip Flops with EVA upper,CROCS,3897.0,,(35% off),0,0,mid,,,Ajio
701395603_white,Shoes,Men,/ruosh-men-open-toe-slip-on-flat-sandals-/p/701395603_white?,Men Open-Toe Slip-On Flat Sandals,RUOSH,4990.0,,,0,0,mid,,,Ajio
701301136_olive,Shoes,Men,/red-tape-men-colourblock-slip-on-clogs/p/701301136_olive?,Men Colourblock Slip-On Clogs,RED TAPE,680.0,,(83% off),0,0,affordable,,,Ajio
701963120_olive,Shoes,Men,/onsole-men-open-toe-slip-on-flip-flops/p/701963120_olive?,Men Open-Toe Slip-On Flip Flops,ONSOLE,868.0,,(69% off),0,0,affordable,,,Ajio
701395603_brown,Shoes,Men,/ruosh-men-flat-heel-sandals-/p/701395603_brown?,Men Flat Heel Sandals,RUOSH,4990.0,,,0,0,mid,,,Ajio
702195096_grey,Shoes,Men,/red-tape-men-perforated-slip-on-clogs/p/702195096_grey?,Men Perforated Slip-On Clogs,RED TAPE,350.0,,(86% off),0,0,affordable,,,Ajio
466415629_black,Shoes,Men,/puma-royalcat-memory-foam-slides/p/466415629_black?,Royalcat Memory Foam Slides,Puma,2144.0,,(35% off),0,0,affordable,,,Ajio
701395603_black,Shoes,Men,/ruosh-men-open-toe-slip-on-flat-sandals-/p/701395603_black?,Men Open-Toe Slip-On Flat Sandals,RUOSH,4990.0,,,0,0,mid,,,Ajio
701094695_grey,Shoes,Men,/red-tape-men-open-toe-slip-on-flip-flops/p/701094695_grey?,Men Open-Toe Slip-On Flip-Flops,RED TAPE,375.0,,(85% off),0,0,affordable,,,Ajio
469115765_black,Shoes,Men,/puma-softride-massage-men-slides/p/469115765_black?,Softride Massage Men Slides,Puma,1680.0,,(52% off),0,0,affordable,,,Ajio
702098862_tan,Shoes,Men,/ruosh-men-open-toe-slip-on-sandals/p/702098862_tan?,Men Open-Toe Slip-On Sandals,RUOSH,3990.0,,,0,0,mid,,,Ajio
469606708_navy,Shoes,Men,/crocs-men-baya-croslite-clogs/p/469606708_navy?,Men Baya Croslite Clogs,CROCS,1843.0,,(59% off),0,0,affordable,,,Ajio
701963120_black,Shoes,Men,/onsole-men-open-toe-slip-on-flip-flops/p/701963120_black?,Men Open-Toe Slip-On Flip Flops,ONSOLE,868.0,,(69% off),0,0,affordable,,,Ajio
701369142_black,Shoes,Men,/florsheim-men-slip-on-thong-strap-sandals/p/701369142_black?,Men Slip-On Thong Strap Sandals,FLORSHEIM,3795.0,,,0,0,mid,,,Ajio
467256022_black,Shoes,Men,/puma-men-softride-slides/p/467256022_black?,Men Softride Slides,Puma,1505.0,,(57% off),0,0,affordable,,,Ajio
469250194_black,Shoes,Men,/puma-popcat-20-res-slides/p/469250194_black?,Popcat 20 RES Slides,Puma,1000.0,,(50% off),0,0,affordable,,,Ajio
701151713_tan,Shoes,Men,/florsheim-men-sandals-with-leather-upper/p/701151713_tan?,Men Sandals With Leather Upper,FLORSHEIM,1518.0,,(60% off),0,0,affordable,,,Ajio
460207642_black,Shoes,Men,/crocs-men-bayaband-croslite-slides-with-cutouts/p/460207642_black?,Men Bayaband Croslite Slides with Cutouts,CROCS,2342.0,,(33% off),0,0,affordable,,,Ajio
701351129_black,Shoes,Men,/delize-men-slip-on-sandals-with-leather-upper/p/701351129_black?,Men Slip-on Sandals with Leather Upper,DELIZE,2050.0,,(59% off),0,0,affordable,,,Ajio
701366547_tan,Shoes,Men,/florsheim-men-open-toe-slip-on-flat-sandals-/p/701366547_tan?,Men Open-Toe Slip-On Flat Sandals,FLORSHEIM,1918.0,,(52% off),0,0,affordable,,,Ajio
466196157_brown,Shoes,Men,/weinbrenner-open-toe-slip-on-sandals-/p/466196157_brown?,Open-Toe Slip-On Sandals,WEINBRENNER,839.0,,(30% off),0,0,affordable,,,Ajio
701583812_brown,Shoes,Men,/fentacia-men-slip-on-sandals/p/701583812_brown?,Men Slip-On Sandals,FENTACIA,1139.0,,(81% off),0,0,affordable,,,Ajio
701395603_white,Shoes,Men,/ruosh-men-open-toe-slip-on-flat-sandals-/p/701395603_white?,Men Open-Toe Slip-On Flat Sandals,RUOSH,4990.0,,,0,0,mid,,,Ajio
450169729_black,Shoes,Men,/lee-cooper-men-slip-on-sandals/p/450169729_black?,Men Slip-On Sandals,Lee Cooper,1245.0,,(50% off),0,0,affordable,,,Ajio
702053630_black,Shoes,Men,/fentacia-men-slip-on-round-toe-sandals/p/702053630_black?,Men Slip-On Round-Toe Sandals,FENTACIA,1140.0,,(81% off),0,0,affordable,,,Ajio
700172991_brown,Shoes,Men,/bata-men-open-toe-slip-on-sandals/p/700172991_brown?,Men Open-Toe Slip-On Sandals,Bata,545.0,,(22% off),0,0,affordable,,,Ajio
701863874_tan,Shoes,Men,/fausto-men-toe-ring-sandals/p/701863874_tan?,Men Toe-Ring Sandals,FAUSTO,1120.0,,(72% off),0,0,affordable,,,Ajio
700767616_grey,Shoes,Men,/red-tape-men-flip-flops-with-eva-upper/p/700767616_grey?,Men Flip Flops with EVA upper,RED TAPE,594.0,,(82% off),0,0,affordable,,,Ajio
469584217_black,Shoes,Men,/u-s-polo-assn-men-noan-foam-walk-clogs/p/469584217_black?,Men Noan Foam Walk Clogs,U.S. Polo Assn.,1148.0,,(59% off),0,0,affordable,,,Ajio
702155067_white,Shoes,Men,/red-tape-men-regular-fit-slip-on-sliders/p/702155067_white?,Men Regular Fit Slip-On Sliders,RED TAPE,651.0,,(77% off),0,0,affordable,,,Ajio
700287291_beige,Shoes,Men,/red-tape-men-braided-thong-strap-flip-flops/p/700287291_beige?,Men Braided Thong-Strap Flip-Flops,RED TAPE,587.0,,(79% off),0,0,affordable,,,Ajio
451012110_black,Shoes,Men,/florsheim-men-sandals-with-leather-upper/p/451012110_black?,Men Sandals with leather upper,FLORSHEIM,2158.0,,(52% off),0,0,affordable,,,Ajio
701151154_green,Shoes,Men,/red-tape-men-flip-flops-/p/701151154_green?,Men Flip Flops,RED TAPE,375.0,,(85% off),0,0,affordable,,,Ajio
702081771_black,Shoes,Men,/red-tape-men-thong-style-flip-flops-with-eva-upper/p/702081771_black?,Men Thong Style Flip Flops with EVA Upper,RED TAPE,533.0,,(80% off),0,0,affordable,,,Ajio
469584214_grey,Shoes,Men,/u-s-polo-assn-men-noan-slip-on-sandals/p/469584214_grey?,Men Noan Slip-On Sandals,U.S. Polo Assn.,1148.0,,(59% off),0,0,affordable,,,Ajio
701432527_grey,Shoes,Men,/red-tape-men-regular-fit-clogs/p/701432527_grey?,Men Regular Fit Clogs,RED TAPE,392.0,,(86% off),0,0,affordable,,,Ajio
469250208_red,Shoes,Men,/puma-logo-print-marine-slides/p/469250208_red?,Logo Print Marine Slides,Puma,736.0,,(68% off),0,0,affordable,,,Ajio
701364031_black,Shoes,Men,/florsheim-men-sandals-with-leather-upper/p/701364031_black?,Men Sandals With Leather Upper,FLORSHEIM,3995.0,,,0,0,mid,,,Ajio
460753441_navy,Shoes,Men,/under-armour-ua-core-pth-slip-on-sliders/p/460753441_navy?,UA Core PTH Slip-On Sliders,Under Armour,1618.0,,(35% off),0,0,affordable,,,Ajio
702039342_black,Shoes,Men,/u-s-polo-assn-men-slip-on-slide-flip-flops-/p/702039342_black?,Men Slip-On Slide Flip-Flops,U.S. Polo Assn.,1155.0,,(32% off),0,0,affordable,,,Ajio
701393990_black,Shoes,Men,/florsheim-men-sandals-with-leather-upper/p/701393990_black?,Men Sandals With Leather Upper,FLORSHEIM,1918.0,,(52% off),0,0,affordable,,,Ajio
700082617_navy,Shoes,Men,/spykar-men-t-strap-toe-ring-flip-flops-with-flat-heels/p/700082617_navy?,Men T-Strap Toe-Ring Flip Flops with Flat Heels,SPYKAR,765.0,,(55% off),0,0,affordable,,,Ajio
469718981_blue,Shoes,Men,/adidas-opez-double-strap-floater-sandals/p/469718981_blue?,Opez Double-Strap Floater Sandals,ADIDAS,2393.0,,(37% off),0,0,affordable,,,Ajio
701364028_white,Shoes,Men,/florsheim-men-typographic-print-slip-on-sandals-/p/701364028_white?,Men Typographic Print Slip-On Sandals,FLORSHEIM,2158.0,,(52% off),0,0,affordable,,,Ajio
700309026_navy,Shoes,Men,/red-tape-open-toe-slip-on-flip-flops/p/700309026_navy?,Open-Toe Slip-On Flip-Flops,RED TAPE,660.0,,(78% off),0,0,affordable,,,Ajio
460207646_white,Shoes,Men,/crocs-men-bayaband-croslite-thong-strap-flip-flops/p/460207646_white?,Men Bayaband Croslite Thong-Strap Flip-Flops,CROCS,2272.0,,(35% off),0,0,affordable,,,Ajio
701398265_tan,Shoes,Men,/florsheim-men-sandals-with-genuine-leather-upper/p/701398265_tan?,Men Sandals with Genuine leather upper,FLORSHEIM,4995.0,,,0,0,mid,,,Ajio
469697541_orange,Shoes,Men,/adidas-men-oakz-sliders/p/469697541_orange?,Men Oakz Sliders,ADIDAS,1624.0,,(35% off),0,0,affordable,,,Ajio
702147053_grey,Shoes,Men,/red-tape-men-embossed-logo-slide-flip-flops/p/702147053_grey?,Men Embossed Logo Slide Flip Flops,RED TAPE,322.0,,(86% off),0,0,affordable,,,Ajio
701364031_white,Shoes,Men,/florsheim-women-open-toe-slip-ons-sandals/p/701364031_white?,Women Open-Toe Slip-Ons Sandals,FLORSHEIM,3995.0,,,0,0,mid,,,Ajio
700275057_black,Shoes,Men,/bucik-men-double-strap-sandals-with-velcro-closure/p/700275057_black?,Men Double-Strap Sandals with Velcro Closure,BUCIK,660.0,,(80% off),0,0,affordable,,,Ajio
463100146_beige,Shoes,Men,/weinbrenner-sandals-with-synthetic-upper/p/463100146_beige?,Sandals with Synthetic upper,WEINBRENNER,883.0,,(32% off),0,0,affordable,,,Ajio
701364028_brown,Shoes,Men,/florsheim-men-sandals-with-leather-upper/p/701364028_brown?,Men Sandals With Leather Upper,FLORSHEIM,2158.0,,(52% off),0,0,affordable,,,Ajio
700585643_black,Shoes,Men,/red-tape-men-open-toe-slides/p/700585643_black?,Men Open-Toe Slides,RED TAPE,660.0,,(78% off),0,0,affordable,,,Ajio
460563212_black,Shoes,Men,/adidas-signature-striped-sliders/p/460563212_black?,Signature Striped Sliders,ADIDAS,1624.0,,(35% off),0,0,affordable,,,Ajio
701166889_brown,Shoes,Men,/florsheim-men-casual-sandals-/p/701166889_brown?,Men Casual Sandals,FLORSHEIM,1518.0,,(60% off),0,0,affordable,,,Ajio
701756583_blue,Shoes,Men,/campus-men-open-toe-double-strap-sandals/p/701756583_blue?,Men Open-Toe Double Strap Sandals,Campus,764.0,,(10% off),0,0,affordable,,,Ajio
467075208_navy,Shoes,Men,/red-tape-flip-flops-with-eva-upper/p/467075208_navy?,Flip Flops with EVA upper,RED TAPE,671.0,,(82% off),0,0,affordable,,,Ajio
701395609_tan,Shoes,Men,/ruosh-men-flat-heel-sandals-/p/701395609_tan?,Men Flat Heel Sandals,RUOSH,4990.0,,,0,0,mid,,,Ajio
702147018_black,Shoes,Men,/red-tape-men-embossed-logo-slide-flip-flops/p/702147018_black?,Men Embossed Logo Slide Flip Flops,RED TAPE,308.0,,(86% off),0,0,affordable,https://assets-jiocdn.ajio.com/medias/sys_master/root1/20250825/XQ3K/68ac4b278bfb9009aca8a70d/red_tape_black_men_embossed_logo_slide_flip_flops.jpg,,Ajio
701963120_brown,Shoes,Men,/onsole-men-open-toe-slip-on-flip-flops/p/701963120_brown?,Men Open-Toe Slip-On Flip Flops,ONSOLE,868.0,,(69% off),0,0,affordable,https://assets-jiocdn.ajio.com/medias/sys_master/root1/20250717/VHWY/68782fa76034bf77f0bd37b8/onsole_brown_men_open-toe_slip-on_flip_flops.jpg,,Ajio
701151156_blue,Shoes,Men,/red-tape-men-flip-flops-/p/701151156_blue?,Men Flip Flops,RED TAPE,375.0,,(85% off),0,0,affordable,https://assets-jiocdn.ajio.com/medias/sys_master/root/20250202/x6W9/679f8f7e2960820c4952a1f8/red_tape_stone_blue_men_flip_flops.jpg,,Ajio
469250212_blue,Shoes,Men,/puma-marine-logo-print-sliders/p/469250212_blue?,Marine Logo Print Sliders,Puma,690.0,,(70% off),0,0,affordable,https://assets-jiocdn.ajio.com/medias/sys_master/root/20221215/LilF/639b43aeaeb269659cecbc9e/puma_white_marine_logo_print_sliders.jpg,,Ajio
469177722_black,Shoes,Men,/puma-men-wave-flip-flops/p/469177722_black?,Men Wave Flip-Flops,Puma,840.0,,(58% off),0,0,affordable,https://assets-jiocdn.ajio.com/medias/sys_master/root/20220719/SEWz/62d6d801aeb26921af850127/puma_black_men_wave_flip-flops.jpg,,Ajio
469653311_black,Shoes,Men,/u-s-polo-assn-zane-5-0-men-sliders/p/469653311_black?,ZANE 5.0 Men Sliders,U.S. Polo Assn.,883.0,,(48% off),0,0,affordable,https://assets-jiocdn.ajio.com/medias/sys_master/root/20241211/cGUV/6759618ec148fa1b302e0414/u.s._polo_assn._black_zane_5.0_men_sliders.jpg,,Ajio
700039824_black,Shoes,Men,/red-tape-men-t-strap-slip-on-flip-flops-/p/700039824_black?,Men T-Strap Slip-On Flip Flops,RED TAPE,594.0,,(82% off),0,0,affordable,,,Ajio
460207647_navy,Shoes,Men,/crocs-men-bayaband-croslite-thong-strap-flip-flops/p/460207647_navy?,Men Bayaband Croslite Thong-Strap Flip-Flops,CROCS,2237.0,,(36% off),0,0,affordable,,,Ajio
469617923_black,Shoes,Men,/u-s-polo-assn-men-slip-on-thong-strap-flip-flops/p/469617923_black?,Men Slip-On Thong-Strap Flip-Flops,U.S. Polo Assn.,1564.0,,(54% off),0,0,affordable,,,Ajio
700187185_brown,Shoes,Men,/red-tape-men-thong-strap-slip-on-flip-flops/p/700187185_brown?,Men Thong-Strap Slip-On Flip-Flops,RED TAPE,594.0,,(82% off),0,0,affordable,,,Ajio
701167955_grey,Shoes,Men,/red-tape-thong-style-flip-flops-with-pu-upper/p/701167955_grey?,Thong-Style Flip-Flops with PU Upper,RED TAPE,832.0,,(84% off),0,0,affordable,,,Ajio
469683811_gray,Shoes,Men,/u-s-polo-assn-men-logo-print-slip-on-slides/p/469683811_gray?,Men Logo Print Slip-On Slides,U.S. Polo Assn.,782.0,,(54% off),0,0,affordable,,,Ajio
701995156_grey,Shoes,Men,/puma-flip-flops-with-synthetic-upper/p/701995156_grey?,Flip Flops with Synthetic Upper,Puma,1949.0,,(35% off),0,0,affordable,,,Ajio
701094694_black,Shoes,Men,/red-tape-men-open-toe-slip-on-flip-flops/p/701094694_black?,Men Open-Toe Slip-On Flip-Flops,RED TAPE,375.0,,(85% off),0,0,affordable,,,Ajio
469680852_navy,Shoes,Men,/u-s-polo-assn-men-torres-5-0-slides/p/469680852_navy?,Men Torres 5.0 Slides,U.S. Polo Assn.,782.0,,(54% off),0,0,affordable,,,Ajio
467074974_beige,Shoes,Men,/red-tape-open-toe-slip-on-flat-slides/p/467074974_beige?,Open-Toe Slip-On Flat Slides,RED TAPE,700.0,,(80% off),0,0,affordable,,,Ajio
701025223_grey,Shoes,Men,/crocs-men-bayaband-flip-flops-with-eva-upper/p/701025223_grey?,Men Bayaband Flip Flops with EVA upper,CROCS,3897.0,,(35% off),0,0,mid,,,Ajio
469584211_beige,Shoes,Men,/u-s-polo-assn-men-noan-foam-walk-clogs/p/469584211_beige?,Men Noan Foam Walk Clogs,U.S. Polo Assn.,1148.0,,(59% off),0,0,affordable,,,Ajio
701301136_olive,Shoes,Men,/red-tape-men-colourblock-slip-on-clogs/p/701301136_olive?,Men Colourblock Slip-On Clogs,RED TAPE,680.0,,(83% off),0,0,affordable,,,Ajio
701963120_olive,Shoes,Men,/onsole-men-open-toe-slip-on-flip-flops/p/701963120_olive?,Men Open-Toe Slip-On Flip Flops,ONSOLE,868.0,,(69% off),0,0,affordable,,,Ajio
702146937_black,Shoes,Men,/lotto-men-flip-flops-with-pu-upper/p/702146937_black?,Men Flip Flops with PU Upper,LOTTO,810.0,,(55% off),0,0,affordable,,,Ajio
702195096_grey,Shoes,Men,/red-tape-men-perforated-slip-on-clogs/p/702195096_grey?,Men Perforated Slip-On Clogs,RED TAPE,350.0,,(86% off),0,0,affordable,,,Ajio
466415629_black,Shoes,Men,/puma-royalcat-memory-foam-slides/p/466415629_black?,Royalcat Memory Foam Slides,Puma,2144.0,,(35% off),0,0,affordable,,,Ajio
466733885_white,Shoes,Men,/off-limits-men-slip-on-flip-flops/p/466733885_white?,Men Slip-On Flip-Flops,OFF LIMITS,725.0,,(75% off),0,0,affordable,,,Ajio
701094695_grey,Shoes,Men,/red-tape-men-open-toe-slip-on-flip-flops/p/701094695_grey?,Men Open-Toe Slip-On Flip-Flops,RED TAPE,375.0,,(85% off),0,0,affordable,,,Ajio
701963120_black,Shoes,Men,/onsole-men-open-toe-slip-on-flip-flops/p/701963120_black?,Men Open-Toe Slip-On Flip Flops,ONSOLE,868.0,,(69% off),0,0,affordable,,,Ajio
466733885_grey,Shoes,Men,/off-limits-men-slip-on-flip-flops/p/466733885_grey?,Men Slip-On Flip-Flops,OFF LIMITS,725.0,,(75% off),0,0,affordable,,,Ajio
467256022_black,Shoes,Men,/puma-men-softride-slides/p/467256022_black?,Men Softride Slides,Puma,1505.0,,(57% off),0,0,affordable,,,Ajio
700767616_grey,Shoes,Men,/red-tape-men-flip-flops-with-eva-upper/p/700767616_grey?,Men Flip Flops with EVA upper,RED TAPE,594.0,,(82% off),0,0,affordable,,,Ajio
466733885_navy,Shoes,Men,/off-limits-men-croslite-perforated-slingback-clogs/p/466733885_navy?,Men Croslite Perforated Slingback Clogs,OFF LIMITS,725.0,,(75% off),0,0,affordable,,,Ajio
702155067_white,Shoes,Men,/red-tape-men-regular-fit-slip-on-sliders/p/702155067_white?,Men Regular Fit Slip-On Sliders,RED TAPE,651.0,,(77% off),0,0,affordable,,,Ajio
700287291_beige,Shoes,Men,/red-tape-men-braided-thong-strap-flip-flops/p/700287291_beige?,Men Braided Thong-Strap Flip-Flops,RED TAPE,587.0,,(79% off),0,0,affordable,,,Ajio
701511735_black,Shoes,Men,/off-limits-men-flip-flops-with-eva-upper/p/701511735_black?,Men Flip Flops with EVA upper,OFF LIMITS,520.0,,(74% off),0,0,affordable,,,Ajio
701151154_green,Shoes,Men,/red-tape-men-flip-flops-/p/701151154_green?,Men Flip Flops,RED TAPE,375.0,,(85% off),0,0,affordable,,,Ajio
702081771_black,Shoes,Men,/red-tape-men-thong-style-flip-flops-with-eva-upper/p/702081771_black?,Men Thong Style Flip Flops with EVA Upper,RED TAPE,533.0,,(80% off),0,0,affordable,,,Ajio
701561385_white,Shoes,Men,/off-limits-men-perforated-slingback-clogs/p/701561385_white?,Men Perforated Slingback Clogs,OFF LIMITS,532.0,,(81% off),0,0,affordable,,,Ajio
701432527_grey,Shoes,Men,/red-tape-men-regular-fit-clogs/p/701432527_grey?,Men Regular Fit Clogs,RED TAPE,392.0,,(86% off),0,0,affordable,,,Ajio
469250208_red,Shoes,Men,/puma-logo-print-marine-slides/p/469250208_red?,Logo Print Marine Slides,Puma,736.0,,(68% off),0,0,affordable,,,Ajio
701360929_black,Shoes,Men,/liberty-men-dreamwalkm-slides-flip-flops/p/701360929_black?,Men DREAMWALKM Slides Flip Flops,LIBERTY,342.0,,(62% off),0,0,affordable,,,Ajio
700082617_navy,Shoes,Men,/spykar-men-t-strap-toe-ring-flip-flops-with-flat-heels/p/700082617_navy?,Men T-Strap Toe-Ring Flip Flops with Flat Heels,SPYKAR,765.0,,(55% off),0,0,affordable,,,Ajio
700309026_navy,Shoes,Men,/red-tape-open-toe-slip-on-flip-flops/p/700309026_navy?,Open-Toe Slip-On Flip-Flops,RED TAPE,660.0,,(78% off),0,0,affordable,,,Ajio
700576492_brown,Shoes,Men,/teakwood-leathers-men-flip-flops/p/700576492_brown?,Men Flip Flops,TEAKWOOD LEATHERS,1760.0,,(60% off),0,0,affordable,,,Ajio
460207646_white,Shoes,Men,/crocs-men-bayaband-croslite-thong-strap-flip-flops/p/460207646_white?,Men Bayaband Croslite Thong-Strap Flip-Flops,CROCS,2272.0,,(35% off),0,0,affordable,,,Ajio
469697541_orange,Shoes,Men,/adidas-men-oakz-sliders/p/469697541_orange?,Men Oakz Sliders,ADIDAS,1624.0,,(35% off),0,0,affordable,,,Ajio
466879536_tan,Shoes,Men,/bata-men-logo-print-thong-strap-flip-flops/p/466879536_tan?,Men Logo Print Thong Strap Flip Flops,Bata,699.0,,(30% off),0,0,affordable,,,Ajio
702147053_grey,Shoes,Men,/red-tape-men-embossed-logo-slide-flip-flops/p/702147053_grey?,Men Embossed Logo Slide Flip Flops,RED TAPE,322.0,,(86% off),0,0,affordable,,,Ajio
700585643_black,Shoes,Men,/red-tape-men-open-toe-slides/p/700585643_black?,Men Open-Toe Slides,RED TAPE,660.0,,(78% off),0,0,affordable,,,Ajio
469697490_grey,Shoes,Men,/adidas-contaro-ms-slides/p/469697490_grey?,Contaro MS Slides,ADIDAS,1218.0,,(47% off),0,0,affordable,,,Ajio
460563212_black,Shoes,Men,/adidas-signature-striped-sliders/p/460563212_black?,Signature Striped Sliders,ADIDAS,1624.0,,(35% off),0,0,affordable,,,Ajio
467075208_navy,Shoes,Men,/red-tape-flip-flops-with-eva-upper/p/467075208_navy?,Flip Flops with EVA upper,RED TAPE,671.0,,(82% off),0,0,affordable,,,Ajio
466189803_brown,Shoes,Men,/bata-thong-strap-flip-flops-/p/466189803_brown?,Thong Strap Flip-Flops,Bata,467.0,,(22% off),0,0,affordable,,,Ajio
466664294_olive,Shoes,Men,/max-perforated-slingback-clogs/p/466664294_olive?,Perforated Slingback Clogs,MAX,549.0,,(21% off),0,0,affordable,,,Ajio
702147064_black,Shoes,Men,/red-tape-men-embossed-logo-slide-flip-flops/p/702147064_black?,Men Embossed Logo Slide Flip Flops,RED TAPE,322.0,,(86% off),0,0,affordable,,,Ajio
467286225_grey,Shoes,Men,/off-limits-men-thong-strap-flip-flops-/p/467286225_grey?,Men Thong-Strap Flip-Flops,OFF LIMITS,420.0,,(79% off),0,0,affordable,,,Ajio
469250207_black,Shoes,Men,/puma-logo-print-marine-slides/p/469250207_black?,Logo Print Marine Slides,Puma,1150.0,,(50% off),0,0,affordable,,,Ajio
702184862_black,Shoes,Men,/red-tape-men-flip-flops-with-pu-upper/p/702184862_black?,Men Flip Flops with PU Upper,RED TAPE,364.0,,(86% off),0,0,affordable,,,Ajio
700028229_green,Shoes,Men,/off-limits-men-round-toe-slip-on-flip-flops/p/700028229_green?,Men Round-Toe Slip-On Flip-Flops,OFF LIMITS,520.0,,(74% off),0,0,affordable,,,Ajio
700141283_black,Shoes,Men,/mochi-men-thong-strap-flip-flops/p/700141283_black?,Men Thong-Strap Flip-Flops,Mochi,1370.0,,(45% off),0,0,affordable,,,Ajio
701360929_multi,Shoes,Men,/liberty-men-dreamwalkm-slides-flip-flops/p/701360929_multi?,Men DREAMWALKM Slides Flip Flops,LIBERTY,342.0,,(62% off),0,0,affordable,,,Ajio
700515591_grey,Shoes,Men,/off-limits--men-flip-flops-with-eva-upper/p/700515591_grey?,Men Flip Flops with EVA upper,OFF LIMITS,442.0,,(83% off),0,0,affordable,,,Ajio
700838991_navy,Shoes,Men,/azzaro-black-men-regular-fit-toe-ring-flip-flops/p/700838991_navy?,Men Regular Fit Toe-Ring Flip-Flops,AZZARO BLACK,600.0,,(80% off),0,0,affordable,,,Ajio
702184866_black,Shoes,Men,/red-tape-men-flip-flops-with-eva-upper/p/702184866_black?,Men Flip Flops with EVA Upper,RED TAPE,336.0,,(86% off),0,0,affordable,,,Ajio
700515591_offwhite,Shoes,Men,/off-limits--men-flip-flops-with-eva-upper/p/700515591_offwhite?,Men Flip Flops with EVA upper,OFF LIMITS,442.0,,(83% off),0,0,affordable,,,Ajio
701534360_brown,Shoes,Men,/appelon-shoes-men-multi-strapped-flip-flops-with-buckle-fastening/p/701534360_brown?,Men Multi-Strapped Flip-Flops with Buckle Fastening,APPELON SHOES,420.0,,(72% off),0,0,affordable,,,Ajio
702039342_black,Shoes,Men,/u-s-polo-assn-men-slip-on-slide-flip-flops-/p/702039342_black?,Men Slip-On Slide Flip-Flops,U.S. Polo Assn.,1155.0,,(32% off),0,0,affordable,,,Ajio
701093241_brown,Shoes,Men,/onsole-men-double-strap-slip-on-slides/p/701093241_brown?,Men Double Strap Slip-On Slides,ONSOLE,940.0,,(53% off),0,0,affordable,,,Ajio
467038643_black,Shoes,Men,/bata-men-open-toe-slip-on-slides/p/467038643_black?,Men Open-Toe Slip-On Slides,Bata,574.0,,(59% off),0,0,affordable,,,Ajio
701237572_brown,Shoes,Men,/bata-men-thong-style-flip-flops-/p/701237572_brown?,Men Thong-Style Flip-Flops,Bata,611.0,,(32% off),0,0,affordable,,,Ajio
700890015_navy,Shoes,Men,/onsole-men-striped-thong-strap-flip-flops/p/700890015_navy?,Men Striped Thong-Strap Flip-Flops,ONSOLE,854.0,,(43% off),0,0,affordable,,,Ajio
466876717_black,Shoes,Men,/jack--jones-men-brand-print-open-toe-slides-/p/466876717_black?,Men Brand Print Open-Toe Slides,Jack & Jones,1394.0,,(7% off),0,0,affordable,,,Ajio
460207645_black,Shoes,Men,/crocs-men-bayaband-croslite-thong-strap-flip-flops/p/460207645_black?,Men Bayaband Croslite Thong-Strap Flip-Flops,CROCS,2586.0,,(26% off),0,0,affordable,,,Ajio
466921198_black,Shoes,Men,/onsole-men-s-t-strap-flip-flops/p/466921198_black?,Men's T-Strap Flip Flops,ONSOLE,585.0,,(55% off),0,0,affordable,,,Ajio
701630396_grey,Shoes,Men,/crocs-men-bayaband-open-toe-t-strap-flip-flops/p/701630396_grey?,Men Bayaband Open-Toe T-Strap Flip-Flops,CROCS,1992.0,,(43% off),0,0,affordable,,,Ajio
702147102_white,Shoes,Men,/red-tape-men-logo-pattern-slide-flip-flops/p/702147102_white?,Men Logo Pattern Slide Flip Flops,RED TAPE,392.0,,(86% off),0,0,affordable,,,Ajio
700101501_black,Shoes,Men,/onsole-men-thong-strap-slip-on-flip-flops-/p/700101501_black?,Men Thong-Strap Slip-On Flip-Flops,ONSOLE,533.0,,(59% off),0,0,affordable,,,Ajio
700838991_black,Shoes,Men,/azzaro-black-men-ring-toe-slip-on-flip-flops/p/700838991_black?,Men Ring-Toe Slip-On Flip-Flops,AZZARO BLACK,600.0,,(80% off),0,0,affordable,,,Ajio
701509804_blue,Shoes,Men,/red-tape-men-flip-flops-with-eva-upper/p/701509804_blue?,Men Flip Flops with EVA upper,RED TAPE,392.0,,(86% off),0,0,affordable,,,Ajio
464303186_brown,Shoes,Men,/shuan-lightweight-toe-ring-slippers/p/464303186_brown?,Lightweight Toe-Ring Slippers,SHUAN,600.0,,(60% off),0,0,affordable,,,Ajio
469755215_green,Shoes,Men,/adidas-aquo-slip-on-sliders/p/469755215_green?,Aquo Slip-On Sliders,ADIDAS,1169.0,,(35% off),0,0,affordable,,,Ajio
467075212_white,Shoes,Men,/red-tape-flip-flops-with-eva-upper/p/467075212_white?,Flip Flops with EVA upper,RED TAPE,671.0,,(82% off),0,0,affordable,,,Ajio
701093240_olive,Shoes,Men,/onsole-men-slides-flip-flops-with-buckle-closure/p/701093240_olive?,Men Slides Flip-Flops with Buckle Closure,ONSOLE,940.0,,(53% off),0,0,affordable,,,Ajio
469551561_black,Shoes,Men,/nike-men-calm-slides-with-striped-footbed/p/469551561_black?,Men Calm Slides with Striped Footbed,NIKE,3895.0,,,0,0,mid,,,Ajio
450152656_black,Shoes,Men,/lee-cooper-men-brand-print-slip-on-slides/p/450152656_black?,Men Brand Print Slip-On Slides,Lee Cooper,468.0,,(50% off),0,0,affordable,,,Ajio
700890015_olive,Shoes,Men,/onsole-men-slip-on-thong-strap-flip-flops/p/700890015_olive?,Men Slip-On Thong-Strap Flip-Flops,ONSOLE,854.0,,(43% off),0,0,affordable,,,Ajio
701226409_orange,Shoes,Men,/max-men-flip-flops-with-pu-upper/p/701226409_orange?,Men Flip Flops with PU Upper,MAX,280.0,,(6% off),0,0,affordable,,,Ajio
469745989_black,Shoes,Men,/puma-men-cool-cat-2-0-v-fs-res-slides/p/469745989_black?,Men Cool Cat 2.0 V FS Res Slides,Puma,1410.0,,(53% off),0,0,affordable,,,Ajio
469584211_beige,Shoes,Men,/u-s-polo-assn-men-noan-foam-walk-clogs/p/469584211_beige?,Men Noan Foam Walk Clogs,U.S. Polo Assn.,1148.0,,(59% off),0,0,affordable,,,Ajio
701450885_blue,Shoes,Men,/chupps-men-flip-flops-with-pu-upper/p/701450885_blue?,Men Flip Flops with PU upper,Chupps,533.0,,(59% off),0,0,affordable,,,Ajio
469545485_black,Shoes,Men,/adidas-men-adilette-shower-slides/p/469545485_black?,Men Adilette Shower Slides,ADIDAS,1949.0,,(35% off),0,0,affordable,,,Ajio
469697466_blue,Shoes,Men,/adidas-men-logo-embossed-slides/p/469697466_blue?,Men Logo Embossed Slides,ADIDAS,810.0,,(55% off),0,0,affordable,,,Ajio
